

--
-- Dumping data for table `users`
--

INSERT INTO `users` (`id`, `name`, `linkedin_id`, `pic_url`, `company_id`, `profile_url`) VALUES
(22, 'Supun Nakandala', '0I2andtpA7', 'http://m.c.lnkd.licdn.com/mpr/mprx/0_RSNOt_wXpvHGdz6AM2BDt34vYKg7WK9AME8TthWzT9Wxnq3lBwk-p8jRKgjKoBcjVmnhgbBssJ2A', 1, 'http://www.linkedin.com/pub/supun-nakandala/58/210/36');

--
-- Dumping data for table `students`
--

INSERT INTO `students` (`id`, `batch`, `linkedin_id`, `gpa`, `description`) VALUES
(1, 2, '0I2andtpA7', '0.0', 'I am a third year undergraduate from the Department of Computer Science & Engineering, University of Moratuwa. My goal is to develop knowledge and competence in the field of information technology, share my knowledge and to provide the leadership.');


--
-- Dumping data for table `technologies`
--

INSERT INTO `technologies` (`id`, `name`) VALUES
(1, 'Java');


--
-- Dumping data for table `endorsements`
--

INSERT INTO `endorsements` (`id`, `technology_id`, `student_id`, `count`) VALUES
(199, 24, 1, 1),
(200, 25, 1, 1),
(201, 26, 1, 1),
(202, 27, 1, 1),
(203, 28, 1, 1),
(204, 29, 1, 1),
(205, 30, 1, 1),
(206, 31, 1, 1),
(207, 32, 1, 1),
(208, 33, 1, 1),
(209, 34, 1, 1),
(210, 35, 1, 1),
(211, 36, 1, 1),
(212, 37, 1, 1),
(213, 38, 1, 1),
(214, 39, 1, 1),
(215, 40, 1, 1),
(216, 41, 1, 1),
(217, 42, 1, 1),
(218, 43, 1, 1),
(219, 44, 1, 1),
(220, 45, 1, 1),
(221, 24, 1, 1),
(222, 25, 1, 1),
(223, 26, 1, 1),
(224, 27, 1, 1),
(225, 28, 1, 1),
(226, 29, 1, 1),
(227, 30, 1, 1),
(228, 31, 1, 1),
(229, 32, 1, 1),
(230, 33, 1, 1),
(231, 34, 1, 1),
(232, 35, 1, 1),
(233, 36, 1, 1),
(234, 37, 1, 1),
(235, 38, 1, 1),
(236, 39, 1, 1),
(237, 40, 1, 1),
(238, 41, 1, 1),
(239, 42, 1, 1),
(240, 43, 1, 1),
(241, 44, 1, 1),
(242, 45, 1, 1);


INSERT INTO `technologies` (`id`, `name`) VALUES
(24, 'Software Development'),
(25, 'Team Leadership'),
(26, 'Systems Engineering'),
(27, 'Java'),
(28, 'JavaScript'),
(29, 'jQuery'),
(30, 'C++ Language'),
(31, 'Web Applications'),
(32, 'ASP.NET'),
(33, 'ASP.NET MVC'),
(34, 'C++'),
(35, 'C'),
(36, 'Software Engineering'),
(37, 'Eclipse'),
(38, 'Programming'),
(39, 'NetBeans'),
(40, 'MySQL'),
(41, 'SQL'),
(42, 'OOP'),
(43, 'C#'),
(44, 'JSP'),
(45, 'Android Development');

INSERT INTO `events` (`id`, `title`, `description`, `date`, `time`, `venue`, `url`) VALUES
(1, 'massa id nisl', 'Vivamus metus arcu, adipiscing molestie, hendrerit at, vulputate vitae, nisl.', '2013-06-03', '15:30:00', 'magnis dis parturient', 'https://www.facebook.com/OutboundZ'),
(2, 'eros elementum pellentesque quisque', 'Aliquam augue quam, sollicitudin vitae, consectetuer eget, rutrum at, lorem. Integer tincidunt ante vel ipsum. Praesent blandit lacinia erat. Vestibulum sed magna at nunc commodo placerat. Praesent blandit.', '2013-10-24', '11:51:00', 'non velit donec diam', 'https://www.facebook.com/OutboundZ'),
(3, 'rutrum at lorem integer', 'Quisque erat eros, viverra eget, congue eget, semper rutrum, nulla.', '2014-03-13', '18:37:00', 'ac consequat metus sapien', 'https://www.facebook.com/OutboundZ'),
(4, 'id sapien', 'Quisque erat eros, viverra eget, congue eget, semper rutrum, nulla. Nunc purus. Phasellus in felis. Donec semper sapien a libero.', '2013-12-21', '19:46:00', 'justo etiam pretium iaculis', 'https://www.facebook.com/OutboundZ'),
(5, 'aenean sit amet justo', 'In quis justo. Maecenas rhoncus aliquam lacus. Morbi quis tortor id nulla ultrices aliquet. Maecenas leo odio, condimentum id, luctus nec, molestie sed, justo. Pellentesque viverra pede ac diam.', '2013-04-23', '17:25:00', 'dapibus duis at velit', 'https://www.facebook.com/OutboundZ'),
(6, 'at dolor', 'Mauris lacinia sapien quis libero. Nullam sit amet turpis elementum ligula vehicula consequat. Morbi a ipsum. Integer a nibh. In quis justo.', '2015-04-07', '12:37:00', 'dui proin', 'https://www.facebook.com/OutboundZ'),
(7, 'proin leo odio', 'Nulla facilisi. Cras non velit nec nisi vulputate nonummy.', '2013-11-09', '16:09:00', 'a nibh', 'https://www.facebook.com/OutboundZ'),
(8, 'habitasse platea dictumst', 'Vestibulum ante ipsum primis in faucibus orci luctus et ultrices posuere cubilia Curae; Duis faucibus accumsan odio. Curabitur convallis.', '2013-09-05', '11:09:00', 'eros elementum pellentesque', 'https://www.facebook.com/OutboundZ'),
(9, 'sed tincidunt eu', 'Suspendisse potenti. In eleifend quam a odio. In hac habitasse platea dictumst.', '2014-11-06', '18:45:00', 'eu massa donec dapibus', 'https://www.facebook.com/OutboundZ'),
(10, 'non mauris morbi non', 'Vestibulum ante ipsum primis in faucibus orci luctus et ultrices posuere cubilia Curae; Nulla dapibus dolor vel est. Donec odio justo, sollicitudin ut, suscipit a, feugiat et, eros.', '2013-07-25', '10:46:00', 'platea dictumst maecenas ut', 'https://www.facebook.com/OutboundZ'),
(11, 'sed interdum venenatis turpis', 'Sed ante.', '2014-10-27', '18:12:00', 'penatibus et magnis', 'https://www.facebook.com/OutboundZ'),
(12, 'lorem id', 'Duis bibendum, felis sed interdum venenatis, turpis enim blandit mi, in porttitor pede justo eu massa. Donec dapibus. Duis at velit eu est congue elementum.', '2013-11-11', '14:21:00', 'nullam orci', 'https://www.facebook.com/OutboundZ'),
(13, 'ante ipsum primis', 'Phasellus sit amet erat. Nulla tempus.', '2014-12-21', '13:39:00', 'in purus eu magna', 'https://www.facebook.com/OutboundZ'),
(14, 'vestibulum aliquet ultrices erat', 'Donec odio justo, sollicitudin ut, suscipit a, feugiat et, eros. Vestibulum ac est lacinia nisi venenatis tristique. Fusce congue, diam id ornare imperdiet, sapien urna pretium nisl, ut volutpat sapien arcu sed augue. Aliquam erat volutpat. In congue.', '2014-02-27', '08:00:00', 'ac neque duis', 'https://www.facebook.com/OutboundZ'),
(15, 'porta volutpat quam', 'Cras pellentesque volutpat dui. Maecenas tristique, est et tempus semper, est quam pharetra magna, ac consequat metus sapien ut nunc. Vestibulum ante ipsum primis in faucibus orci luctus et ultrices posuere cubilia Curae; Mauris viverra diam vitae quam.', '2013-08-07', '12:50:00', 'sit amet', 'https://www.facebook.com/OutboundZ'),
(16, 'nam congue risus', 'Nam ultrices, libero non mattis pulvinar, nulla pede ullamcorper augue, a suscipit nulla elit ac nulla. Sed vel enim sit amet nunc viverra dapibus.', '2014-02-10', '12:39:00', 'penatibus et magnis dis', 'https://www.facebook.com/OutboundZ'),
(17, 'neque duis bibendum morbi', 'Pellentesque viverra pede ac diam. Cras pellentesque volutpat dui. Maecenas tristique, est et tempus semper, est quam pharetra magna, ac consequat metus sapien ut nunc. Vestibulum ante ipsum primis in faucibus orci luctus et ultrices posuere cubilia Curae; Mauris viverra diam vitae quam.', '2013-10-24', '11:06:00', 'nisi volutpat eleifend', 'https://www.facebook.com/OutboundZ'),
(18, 'augue vel accumsan tellus', 'Nam congue, risus semper porta volutpat, quam pede lobortis ligula, sit amet eleifend pede libero quis orci. Nullam molestie nibh in lectus. Pellentesque at nulla.', '2014-04-02', '19:13:00', 'varius integer', 'https://www.facebook.com/OutboundZ'),
(19, 'enim sit amet nunc', 'Curabitur convallis.', '2013-11-09', '15:26:00', 'duis bibendum felis sed', 'https://www.facebook.com/OutboundZ'),
(20, 'duis aliquam convallis nunc', 'Nullam orci pede, venenatis non, sodales sed, tincidunt eu, felis. Fusce posuere felis sed lacus. Morbi sem mauris, laoreet ut, rhoncus aliquet, pulvinar sed, nisl. Nunc rhoncus dui vel sem.', '2013-05-20', '10:53:00', 'sed justo pellentesque', 'https://www.facebook.com/OutboundZ'),
(21, 'purus eu', 'Maecenas ut massa quis augue luctus tincidunt. Nulla mollis molestie lorem.', '2013-05-20', '16:03:00', 'justo etiam pretium iaculis', 'https://www.facebook.com/OutboundZ'),
(22, 'mi in porttitor pede', 'Nunc purus.', '2014-08-27', '15:31:00', 'blandit ultrices', 'https://www.facebook.com/OutboundZ'),
(23, 'fusce consequat nulla', 'Donec diam neque, vestibulum eget, vulputate ut, ultrices vel, augue. Vestibulum ante ipsum primis in faucibus orci luctus et ultrices posuere cubilia Curae; Donec pharetra, magna vestibulum aliquet ultrices, erat tortor sollicitudin mi, sit amet lobortis sapien sapien non mi.', '2013-12-03', '18:02:00', 'vestibulum ante ipsum primis', 'https://www.facebook.com/OutboundZ'),
(24, 'dis parturient montes nascetur', 'Nullam varius. Nulla facilisi.', '2013-10-03', '11:43:00', 'enim lorem ipsum dolor', 'https://www.facebook.com/OutboundZ'),
(25, 'cubilia curae duis', 'Nulla facilisi. Cras non velit nec nisi vulputate nonummy. Maecenas tincidunt lacus at velit. Vivamus vel nulla eget eros elementum pellentesque.', '2015-03-18', '19:50:00', 'venenatis turpis enim', 'https://www.facebook.com/OutboundZ'),
(26, 'a libero', 'Pellentesque at nulla. Suspendisse potenti. Cras in purus eu magna vulputate luctus.', '2013-07-18', '08:21:00', 'aenean lectus pellentesque eget', 'https://www.facebook.com/OutboundZ'),
(27, 'lorem ipsum', 'Duis aliquam convallis nunc. Proin at turpis a pede posuere nonummy. Integer non velit. Donec diam neque, vestibulum eget, vulputate ut, ultrices vel, augue. Vestibulum ante ipsum primis in faucibus orci luctus et ultrices posuere cubilia Curae; Donec pharetra, magna vestibulum aliquet ultrices, erat tortor sollicitudin mi, sit amet lobortis sapien sapien non mi.', '2014-01-20', '15:30:00', 'aliquam quis turpis eget', 'https://www.facebook.com/OutboundZ'),
(28, 'at dolor quis', 'Suspendisse potenti. In eleifend quam a odio. In hac habitasse platea dictumst. Maecenas ut massa quis augue luctus tincidunt. Nulla mollis molestie lorem.', '2013-05-24', '14:45:00', 'pede justo eu massa', 'https://www.facebook.com/OutboundZ'),
(29, 'scelerisque quam turpis', 'Aliquam sit amet diam in magna bibendum imperdiet.', '2013-08-06', '14:07:00', 'morbi a ipsum', 'https://www.facebook.com/OutboundZ'),
(30, 'vestibulum ante', 'Morbi porttitor lorem id ligula.', '2013-10-15', '19:47:00', 'amet nunc viverra dapibus', 'https://www.facebook.com/OutboundZ'),
(31, 'ac neque duis', 'Integer aliquet, massa id lobortis convallis, tortor risus dapibus augue, vel accumsan tellus nisi eu orci. Mauris lacinia sapien quis libero. Nullam sit amet turpis elementum ligula vehicula consequat. Morbi a ipsum. Integer a nibh.', '2013-06-19', '11:09:00', 'suscipit a', 'https://www.facebook.com/OutboundZ'),
(32, 'nonummy integer non', 'Maecenas tristique, est et tempus semper, est quam pharetra magna, ac consequat metus sapien ut nunc. Vestibulum ante ipsum primis in faucibus orci luctus et ultrices posuere cubilia Curae; Mauris viverra diam vitae quam. Suspendisse potenti. Nullam porttitor lacus at turpis. Donec posuere metus vitae ipsum.', '2014-08-12', '19:49:00', 'lobortis vel', 'https://www.facebook.com/OutboundZ'),
(33, 'at diam nam tristique', 'Nulla suscipit ligula in lacus.', '2015-02-28', '17:57:00', 'eu sapien cursus', 'https://www.facebook.com/OutboundZ'),
(34, 'posuere felis sed lacus', 'Nullam varius. Nulla facilisi. Cras non velit nec nisi vulputate nonummy.', '2014-04-30', '14:03:00', 'magna vestibulum aliquet ultrices', 'https://www.facebook.com/OutboundZ'),
(35, 'vestibulum velit id pretium', 'Pellentesque eget nunc. Donec quis orci eget orci vehicula condimentum. Curabitur in libero ut massa volutpat convallis.', '2014-12-15', '17:48:00', 'ut odio cras mi', 'https://www.facebook.com/OutboundZ'),
(36, 'nisl nunc rhoncus dui', 'Nulla nisl. Nunc nisl.', '2014-01-02', '19:05:00', 'rhoncus sed', 'https://www.facebook.com/OutboundZ'),
(37, 'aenean sit', 'In hac habitasse platea dictumst. Maecenas ut massa quis augue luctus tincidunt. Nulla mollis molestie lorem.', '2013-11-30', '08:59:00', 'rhoncus sed vestibulum sit', 'https://www.facebook.com/OutboundZ'),
(38, 'habitasse platea dictumst', 'In tempor, turpis nec euismod scelerisque, quam turpis adipiscing lorem, vitae mattis nibh ligula nec sem.', '2013-09-23', '19:10:00', 'ultrices libero non', 'https://www.facebook.com/OutboundZ'),
(39, 'praesent lectus vestibulum', 'In tempor, turpis nec euismod scelerisque, quam turpis adipiscing lorem, vitae mattis nibh ligula nec sem. Duis aliquam convallis nunc. Proin at turpis a pede posuere nonummy.', '2014-06-27', '11:34:00', 'ultrices libero non', 'https://www.facebook.com/OutboundZ'),
(40, 'imperdiet sapien', 'In eleifend quam a odio. In hac habitasse platea dictumst. Maecenas ut massa quis augue luctus tincidunt.', '2014-11-07', '16:13:00', 'faucibus orci luctus', 'https://www.facebook.com/OutboundZ'),
(41, 'in est risus', 'Proin eu mi. Nulla ac enim.', '2013-12-21', '12:01:00', 'quam nec dui', 'https://www.facebook.com/OutboundZ'),
(42, 'id mauris vulputate', 'Nulla ut erat id mauris vulputate elementum. Nullam varius.', '2014-08-18', '15:57:00', 'et eros', 'https://www.facebook.com/OutboundZ'),
(43, 'vel enim', 'Suspendisse potenti. Nullam porttitor lacus at turpis.', '2013-06-08', '12:31:00', 'ut nunc', 'https://www.facebook.com/OutboundZ'),
(44, 'gravida sem praesent id', 'Maecenas tristique, est et tempus semper, est quam pharetra magna, ac consequat metus sapien ut nunc. Vestibulum ante ipsum primis in faucibus orci luctus et ultrices posuere cubilia Curae; Mauris viverra diam vitae quam. Suspendisse potenti. Nullam porttitor lacus at turpis. Donec posuere metus vitae ipsum.', '2013-12-16', '10:25:00', 'pede lobortis', 'https://www.facebook.com/OutboundZ'),
(45, 'ligula in lacus', 'Duis at velit eu est congue elementum. In hac habitasse platea dictumst.', '2015-01-19', '15:03:00', 'facilisi cras', 'https://www.facebook.com/OutboundZ'),
(46, 'purus phasellus in', 'Nulla justo. Aliquam quis turpis eget elit sodales scelerisque.', '2015-03-21', '18:42:00', 'et ultrices posuere cubilia', 'https://www.facebook.com/OutboundZ'),
(47, 'id ligula', 'Maecenas rhoncus aliquam lacus. Morbi quis tortor id nulla ultrices aliquet. Maecenas leo odio, condimentum id, luctus nec, molestie sed, justo. Pellentesque viverra pede ac diam. Cras pellentesque volutpat dui.', '2014-06-20', '11:10:00', 'duis consequat dui', 'https://www.facebook.com/OutboundZ'),
(48, 'libero ut massa', 'Quisque porta volutpat erat. Quisque erat eros, viverra eget, congue eget, semper rutrum, nulla. Nunc purus.', '2013-07-07', '19:48:00', 'ipsum primis in faucibus', 'https://www.facebook.com/OutboundZ'),
(49, 'neque aenean auctor', 'Phasellus in felis. Donec semper sapien a libero.', '2014-10-19', '14:15:00', 'mauris viverra', 'https://www.facebook.com/OutboundZ'),
(50, 'quis orci eget', 'Maecenas ut massa quis augue luctus tincidunt.', '2014-11-04', '14:38:00', 'rhoncus mauris enim leo', 'https://www.facebook.com/OutboundZ');

INSERT INTO `companies` (`id`, `name`, `access_level`) VALUES
(4, 'WSO2', 4),
(5, '99X Technology Ltd', 4),
(6, 'Dinota Information Technologies (Pvt) Ltd', 4),
(7, 'IronOne Technologies (Pvt) Ltd', 4),
(8, 'DMS Electronics (PVT) LTD', 4),
(9, 'hSenid Mobile Solutions (Pvt) Ltd', 4),
(10, 'MillenniumIT Software (Pvt) Ltd', 3),
(11, 'Sutra Technologies', 3),
(12, 'SimCentric Technologies (Pvt) Ltd', 3),
(13, 'TechCert', 3),
(14, 'Leapset (Pvt.) Ltd.', 3),
(15, 'Ellipsis (Pvt) Ltd', 3),
(16, 'THINKCube (NEW)', 3),
(17, 'IFS', 3),
(18, 'AtLink Communications (Pvt) Ltd.', 3),
(19, '3D Incorporated', 3),
(20, 'Virtusa (Pvt) Ltd', 3),
(21, 'CodeGen International (Pvt) Ltd', 3),
(22, 'Axienta (PVT) Ltd', 3),
(23, 'Wavenet', 3),
(24, 'Zone24x7 (Private) Limited', 3),
(25, 'Zaizi Asia (Pvt) Ltd', 3),
(26, 'Mazarin Pvt Limited', 3),
(27, 'OrangeHRM', 3),
(28, 'Embla Software Innovation (pvt) Ltd', 3),
(29, 'Creo 360 Pvt. Ltd.', 3),
(30, 'Direct Technologies (Pvt) Ltd', 3),
(31, 'AdroitLogic Lanka (Pvt) Ltd.', 3),
(32, 'Fortunaglobal Private Limited', 3),
(33, 'Atrenta Lanka (Pvt.) Ltd', 3),
(34, 'CodeConnexion PVT LTD', 3);

INSERT INTO `sponsorships` (`id`, `event_id`, `name`, `amount`, `description`, `taken_by`) VALUES
(1, 46, 'vel sem', '564559.55', 'In eleifend quam a odio. In hac habitasse platea dictumst.', 23),
(2, 23, 'et ultrices', '129730.63', 'Maecenas leo odio, condimentum id, luctus nec, molestie sed, justo. Pellentesque viverra pede ac diam. Cras pellentesque volutpat dui. Maecenas tristique, est et tempus semper, est quam pharetra magna, ac consequat metus sapien ut nunc.', 32),
(3, 42, 'tincidunt eget tempus', '922670.57', 'Aenean fermentum. Donec ut mauris eget massa tempor convallis. Nulla neque libero, convallis eget, eleifend luctus, ultricies eu, nibh. Quisque id justo sit amet sapien dignissim vestibulum.', 14),
(4, 26, 'nonummy maecenas tincidunt', '713568.54', 'Aliquam non mauris. Morbi non lectus. Aliquam sit amet diam in magna bibendum imperdiet. Nullam orci pede, venenatis non, sodales sed, tincidunt eu, felis.', 23),
(5, 19, 'enim leo rhoncus', '212687.28', 'Nam nulla. Integer pede justo, lacinia eget, tincidunt eget, tempus vel, pede.', 28),
(6, 3, 'amet diam', '868850.74', 'Quisque ut erat. Curabitur gravida nisi at nibh. In hac habitasse platea dictumst.', 30),
(7, 48, 'lorem vitae', '200884.97', 'Nam nulla. Integer pede justo, lacinia eget, tincidunt eget, tempus vel, pede. Morbi porttitor lorem id ligula. Suspendisse ornare consequat lectus.', 4),
(8, 42, 'enim lorem ipsum', '843305.42', 'Morbi sem mauris, laoreet ut, rhoncus aliquet, pulvinar sed, nisl. Nunc rhoncus dui vel sem. Sed sagittis. Nam congue, risus semper porta volutpat, quam pede lobortis ligula, sit amet eleifend pede libero quis orci.', 31),
(9, 31, 'etiam pretium', '496604.18', 'Morbi porttitor lorem id ligula. Suspendisse ornare consequat lectus. In est risus, auctor sed, tristique in, tempus sit amet, sem. Fusce consequat.', 12),
(10, 42, 'maecenas tristique', '171798.13', 'Praesent blandit lacinia erat. Vestibulum sed magna at nunc commodo placerat. Praesent blandit. Nam nulla.', 13),
(11, 43, 'nulla elit', '629865.53', 'Nullam varius. Nulla facilisi. Cras non velit nec nisi vulputate nonummy.', 34),
(12, 15, 'lobortis convallis tortor', '323566.64', 'Aliquam quis turpis eget elit sodales scelerisque. Mauris sit amet eros. Suspendisse accumsan tortor quis turpis. Sed ante.', 8),
(13, 9, 'scelerisque mauris', '392268.91', 'Quisque id justo sit amet sapien dignissim vestibulum. Vestibulum ante ipsum primis in faucibus orci luctus et ultrices posuere cubilia Curae; Nulla dapibus dolor vel est.', 16),
(14, 13, 'faucibus orci', '677043.40', 'In hac habitasse platea dictumst. Aliquam augue quam, sollicitudin vitae, consectetuer eget, rutrum at, lorem. Integer tincidunt ante vel ipsum.', 24),
(15, 4, 'enim blandit', '111720.86', 'Vestibulum ante ipsum primis in faucibus orci luctus et ultrices posuere cubilia Curae; Donec pharetra, magna vestibulum aliquet ultrices, erat tortor sollicitudin mi, sit amet lobortis sapien sapien non mi. Integer ac neque. Duis bibendum. Morbi non quam nec dui luctus rutrum.', 8),
(16, 20, 'in tempus sit', '787111.08', 'Mauris sit amet eros. Suspendisse accumsan tortor quis turpis.', 27),
(17, 3, 'leo odio', '259561.67', 'Nulla ut erat id mauris vulputate elementum.', 32),
(18, 46, 'integer ac leo', '664287.59', 'Pellentesque viverra pede ac diam. Cras pellentesque volutpat dui.', 24),
(19, 19, 'nisi at nibh', '136908.76', 'Vestibulum quam sapien, varius ut, blandit non, interdum in, ante.', 34),
(20, 39, 'turpis donec posuere', '342720.13', 'Duis at velit eu est congue elementum.', 30),
(21, 46, 'elit proin interdum', '72644.60', 'Fusce consequat. Nulla nisl.', 21),
(22, 36, 'sem mauris', '911447.95', 'Nulla neque libero, convallis eget, eleifend luctus, ultricies eu, nibh.', 28),
(23, 26, 'amet turpis elementum', '320279.39', 'Vivamus vel nulla eget eros elementum pellentesque.', 15),
(24, 47, 'ligula nec', '73436.51', 'Curabitur gravida nisi at nibh. In hac habitasse platea dictumst. Aliquam augue quam, sollicitudin vitae, consectetuer eget, rutrum at, lorem.', 30),
(25, 5, 'tempus sit amet', '517747.21', 'Quisque ut erat. Curabitur gravida nisi at nibh. In hac habitasse platea dictumst.', 10),
(26, 21, 'congue vivamus', '73311.92', 'Lorem ipsum dolor sit amet, consectetuer adipiscing elit.', 23),
(27, 28, 'cursus vestibulum proin', '792247.29', 'Proin interdum mauris non ligula pellentesque ultrices. Phasellus id sapien in sapien iaculis congue. Vivamus metus arcu, adipiscing molestie, hendrerit at, vulputate vitae, nisl.', 23),
(28, 20, 'vulputate elementum', '639107.76', 'Maecenas rhoncus aliquam lacus. Morbi quis tortor id nulla ultrices aliquet. Maecenas leo odio, condimentum id, luctus nec, molestie sed, justo. Pellentesque viverra pede ac diam.', 10),
(29, 16, 'vestibulum ante', '878499.58', 'In tempor, turpis nec euismod scelerisque, quam turpis adipiscing lorem, vitae mattis nibh ligula nec sem. Duis aliquam convallis nunc.', 21),
(30, 9, 'sapien a', '404395.70', 'Nulla suscipit ligula in lacus. Curabitur at ipsum ac tellus semper interdum.', 8),
(31, 50, 'tristique tortor eu', '788118.98', 'Fusce congue, diam id ornare imperdiet, sapien urna pretium nisl, ut volutpat sapien arcu sed augue. Aliquam erat volutpat. In congue.', 9),
(32, 49, 'ipsum primis', '104617.72', 'Nulla justo. Aliquam quis turpis eget elit sodales scelerisque.', 10),
(33, 39, 'et eros', '479018.71', 'In blandit ultrices enim. Lorem ipsum dolor sit amet, consectetuer adipiscing elit. Proin interdum mauris non ligula pellentesque ultrices. Phasellus id sapien in sapien iaculis congue.', 5),
(34, 17, 'justo sit amet', '553756.90', 'Morbi non lectus. Aliquam sit amet diam in magna bibendum imperdiet. Nullam orci pede, venenatis non, sodales sed, tincidunt eu, felis. Fusce posuere felis sed lacus.', 19),
(35, 40, 'vestibulum sagittis sapien', '792257.15', 'Vivamus tortor.', 29),
(36, 29, 'duis bibendum felis', '216799.62', 'Mauris lacinia sapien quis libero. Nullam sit amet turpis elementum ligula vehicula consequat.', 30),
(37, 45, 'massa id lobortis', '862193.68', 'Ut tellus. Nulla ut erat id mauris vulputate elementum. Nullam varius. Nulla facilisi.', 15),
(38, 35, 'integer non', '858316.58', 'Curabitur gravida nisi at nibh.', 30),
(39, 28, 'ut odio cras', '109566.67', 'Nulla justo.', 26),
(40, 38, 'tincidunt eget', '282085.62', 'Morbi vel lectus in quam fringilla rhoncus.', 23),
(41, 25, 'sem fusce consequat', '186752.01', 'Sed vel enim sit amet nunc viverra dapibus. Nulla suscipit ligula in lacus. Curabitur at ipsum ac tellus semper interdum. Mauris ullamcorper purus sit amet nulla.', 9),
(42, 47, 'imperdiet et', '304494.44', 'Fusce lacus purus, aliquet at, feugiat non, pretium quis, lectus.', 26),
(43, 17, 'donec odio justo', '816033.38', 'Nulla mollis molestie lorem. Quisque ut erat.', 27),
(44, 41, 'non mauris', '406327.19', 'Pellentesque ultrices mattis odio. Donec vitae nisi. Nam ultrices, libero non mattis pulvinar, nulla pede ullamcorper augue, a suscipit nulla elit ac nulla.', 21),
(45, 10, 'sit amet', '685175.43', 'Ut tellus. Nulla ut erat id mauris vulputate elementum. Nullam varius.', 16),
(46, 30, 'sem mauris', '886017.90', 'Nulla facilisi. Cras non velit nec nisi vulputate nonummy. Maecenas tincidunt lacus at velit. Vivamus vel nulla eget eros elementum pellentesque.', 32),
(47, 46, 'id consequat', '80756.56', 'Nulla ut erat id mauris vulputate elementum. Nullam varius. Nulla facilisi.', 14),
(48, 34, 'dolor sit', '439998.19', 'Suspendisse potenti.', 13),
(49, 44, 'ante ipsum', '347075.14', 'Pellentesque at nulla. Suspendisse potenti.', 21),
(50, 12, 'varius ut', '619078.38', 'Sed accumsan felis. Ut at dolor quis odio consequat varius. Integer ac leo.', 14),
(51, 22, 'cubilia curae duis', '521422.95', 'Duis at velit eu est congue elementum. In hac habitasse platea dictumst. Morbi vestibulum, velit id pretium iaculis, diam erat fermentum justo, nec condimentum neque sapien placerat ante.', 9),
(52, 38, 'leo rhoncus', '971970.19', 'Vivamus in felis eu sapien cursus vestibulum. Proin eu mi.', 7),
(53, 44, 'amet nunc', '899878.34', 'Proin leo odio, porttitor id, consequat in, consequat ut, nulla. Sed accumsan felis. Ut at dolor quis odio consequat varius. Integer ac leo.', 7),
(54, 42, 'nulla nisl', '342217.32', 'In sagittis dui vel nisl.', 20),
(55, 2, 'primis in', '101802.86', 'Vestibulum quam sapien, varius ut, blandit non, interdum in, ante. Vestibulum ante ipsum primis in faucibus orci luctus et ultrices posuere cubilia Curae; Duis faucibus accumsan odio. Curabitur convallis. Duis consequat dui nec nisi volutpat eleifend.', 34),
(56, 42, 'vitae ipsum', '450317.04', 'Cras mi pede, malesuada in, imperdiet et, commodo vulputate, justo. In blandit ultrices enim. Lorem ipsum dolor sit amet, consectetuer adipiscing elit.', 14),
(57, 20, 'quis orci', '777919.04', 'Ut tellus. Nulla ut erat id mauris vulputate elementum.', 9),
(58, 30, 'vivamus tortor duis', '51658.15', 'Vestibulum ante ipsum primis in faucibus orci luctus et ultrices posuere cubilia Curae; Donec pharetra, magna vestibulum aliquet ultrices, erat tortor sollicitudin mi, sit amet lobortis sapien sapien non mi. Integer ac neque. Duis bibendum.', 22),
(59, 31, 'pellentesque ultrices', '888752.46', 'Quisque id justo sit amet sapien dignissim vestibulum.', 20),
(60, 13, 'donec ut', '865109.79', 'Vivamus vestibulum sagittis sapien. Cum sociis natoque penatibus et magnis dis parturient montes, nascetur ridiculus mus.', 26),
(61, 44, 'at diam', '344331.14', 'Vestibulum ac est lacinia nisi venenatis tristique. Fusce congue, diam id ornare imperdiet, sapien urna pretium nisl, ut volutpat sapien arcu sed augue.', 26),
(62, 21, 'sodales scelerisque mauris', '524574.91', 'Mauris lacinia sapien quis libero. Nullam sit amet turpis elementum ligula vehicula consequat.', 26),
(63, 17, 'eros viverra eget', '731819.38', 'Nam dui. Proin leo odio, porttitor id, consequat in, consequat ut, nulla.', 33),
(64, 19, 'dui luctus', '807565.04', 'Aenean sit amet justo.', 28),
(65, 2, 'elementum ligula vehicula', '293275.29', 'In blandit ultrices enim. Lorem ipsum dolor sit amet, consectetuer adipiscing elit.', 10),
(66, 42, 'malesuada in', '817422.28', 'Proin risus. Praesent lectus. Vestibulum quam sapien, varius ut, blandit non, interdum in, ante.', 28),
(67, 36, 'tortor sollicitudin', '710205.08', 'Proin leo odio, porttitor id, consequat in, consequat ut, nulla. Sed accumsan felis.', 23),
(68, 24, 'nisl ut volutpat', '191699.78', 'Nullam molestie nibh in lectus. Pellentesque at nulla. Suspendisse potenti.', 22),
(69, 37, 'vivamus vel', '548966.77', 'Nulla ac enim.', 24),
(70, 39, 'venenatis lacinia', '430009.77', 'Integer ac leo. Pellentesque ultrices mattis odio. Donec vitae nisi. Nam ultrices, libero non mattis pulvinar, nulla pede ullamcorper augue, a suscipit nulla elit ac nulla.', 15),
(71, 5, 'at turpis', '510929.13', 'Proin at turpis a pede posuere nonummy. Integer non velit.', 10),
(72, 50, 'aliquam non mauris', '420715.15', 'Aenean auctor gravida sem. Praesent id massa id nisl venenatis lacinia. Aenean sit amet justo. Morbi ut odio.', 29),
(73, 38, 'sagittis dui vel', '203448.88', 'Praesent id massa id nisl venenatis lacinia.', 6),
(74, 2, 'vel enim sit', '532696.82', 'Morbi porttitor lorem id ligula. Suspendisse ornare consequat lectus.', 34),
(75, 19, 'rhoncus sed', '901346.71', 'Phasellus in felis.', 16),
(76, 21, 'erat volutpat', '957103.15', 'Donec odio justo, sollicitudin ut, suscipit a, feugiat et, eros.', 18),
(77, 23, 'lobortis vel', '948455.65', 'Proin interdum mauris non ligula pellentesque ultrices. Phasellus id sapien in sapien iaculis congue.', 31),
(78, 34, 'velit id', '262886.57', 'Nullam varius. Nulla facilisi.', 27),
(79, 40, 'aliquam quis', '189445.40', 'Aliquam non mauris. Morbi non lectus. Aliquam sit amet diam in magna bibendum imperdiet.', 28),
(80, 32, 'potenti in eleifend', '568963.88', 'Morbi ut odio. Cras mi pede, malesuada in, imperdiet et, commodo vulputate, justo. In blandit ultrices enim.', 18),
(81, 13, 'neque aenean auctor', '831741.52', 'Maecenas rhoncus aliquam lacus.', 6),
(82, 38, 'ut blandit non', '380508.86', 'In hac habitasse platea dictumst. Maecenas ut massa quis augue luctus tincidunt. Nulla mollis molestie lorem. Quisque ut erat.', 34),
(83, 25, 'magna bibendum', '913054.89', 'Vestibulum rutrum rutrum neque. Aenean auctor gravida sem.', 22),
(84, 1, 'curae donec pharetra', '894859.07', 'Vivamus tortor. Duis mattis egestas metus. Aenean fermentum.', 10),
(85, 27, 'sed nisl nunc', '687258.85', 'Aliquam augue quam, sollicitudin vitae, consectetuer eget, rutrum at, lorem.', 19),
(86, 11, 'diam id', '508070.40', 'Morbi odio odio, elementum eu, interdum eu, tincidunt in, leo.', 21),
(87, 29, 'elementum in', '868843.51', 'Morbi non quam nec dui luctus rutrum. Nulla tellus. In sagittis dui vel nisl. Duis ac nibh.', 20),
(88, 11, 'natoque penatibus et', '40667.53', 'Nullam porttitor lacus at turpis. Donec posuere metus vitae ipsum.', 25),
(89, 24, 'amet eleifend', '508409.97', 'Cum sociis natoque penatibus et magnis dis parturient montes, nascetur ridiculus mus.', 9),
(90, 30, 'erat curabitur', '145601.09', 'Morbi non quam nec dui luctus rutrum. Nulla tellus. In sagittis dui vel nisl. Duis ac nibh.', 6),
(91, 47, 'mattis nibh ligula', '906542.33', 'Cum sociis natoque penatibus et magnis dis parturient montes, nascetur ridiculus mus. Etiam vel augue. Vestibulum rutrum rutrum neque.', 17),
(92, 41, 'id nulla ultrices', '386228.83', 'Proin risus.', 31),
(93, 16, 'justo nec condimentum', '824249.08', 'Sed vel enim sit amet nunc viverra dapibus. Nulla suscipit ligula in lacus.', 28),
(94, 22, 'convallis morbi odio', '819144.66', 'Suspendisse potenti. Nullam porttitor lacus at turpis.', 15),
(95, 48, 'volutpat eleifend', '430690.47', 'Fusce congue, diam id ornare imperdiet, sapien urna pretium nisl, ut volutpat sapien arcu sed augue. Aliquam erat volutpat. In congue.', 24),
(96, 9, 'integer a nibh', '52529.32', 'Etiam pretium iaculis justo. In hac habitasse platea dictumst. Etiam faucibus cursus urna.', 4),
(97, 45, 'consequat metus sapien', '879207.65', 'Vivamus tortor.', 8),
(98, 11, 'donec quis', '807394.30', 'Integer non velit. Donec diam neque, vestibulum eget, vulputate ut, ultrices vel, augue. Vestibulum ante ipsum primis in faucibus orci luctus et ultrices posuere cubilia Curae; Donec pharetra, magna vestibulum aliquet ultrices, erat tortor sollicitudin mi, sit amet lobortis sapien sapien non mi. Integer ac neque.', 13),
(99, 34, 'turpis adipiscing lorem', '83573.12', 'Sed vel enim sit amet nunc viverra dapibus.', 22),
(100, 31, 'ante ipsum', '417422.40', 'Cras pellentesque volutpat dui. Maecenas tristique, est et tempus semper, est quam pharetra magna, ac consequat metus sapien ut nunc.', 29),
(101, 35, 'pellentesque quisque porta', '107545.57', 'Integer tincidunt ante vel ipsum. Praesent blandit lacinia erat. Vestibulum sed magna at nunc commodo placerat. Praesent blandit.', 5),
(102, 14, 'gravida sem', '737620.41', 'In blandit ultrices enim.', 10),
(103, 5, 'ultrices erat', '682817.16', 'Proin at turpis a pede posuere nonummy. Integer non velit.', 25),
(104, 41, 'odio donec', '916227.79', 'In blandit ultrices enim.', 28),
(105, 8, 'ante nulla justo', '175341.01', 'Duis bibendum, felis sed interdum venenatis, turpis enim blandit mi, in porttitor pede justo eu massa.', 4),
(106, 5, 'gravida nisi', '786628.75', 'Vestibulum ante ipsum primis in faucibus orci luctus et ultrices posuere cubilia Curae; Donec pharetra, magna vestibulum aliquet ultrices, erat tortor sollicitudin mi, sit amet lobortis sapien sapien non mi. Integer ac neque.', 8),
(107, 35, 'cubilia curae', '928940.47', 'Nam ultrices, libero non mattis pulvinar, nulla pede ullamcorper augue, a suscipit nulla elit ac nulla. Sed vel enim sit amet nunc viverra dapibus.', 31),
(108, 17, 'quis orci nullam', '407276.85', 'Nullam orci pede, venenatis non, sodales sed, tincidunt eu, felis. Fusce posuere felis sed lacus.', 34),
(109, 3, 'mi integer', '957581.43', 'Quisque porta volutpat erat. Quisque erat eros, viverra eget, congue eget, semper rutrum, nulla. Nunc purus. Phasellus in felis.', 27),
(110, 28, 'a nibh', '586597.34', 'Aenean auctor gravida sem. Praesent id massa id nisl venenatis lacinia. Aenean sit amet justo.', 6),
(111, 10, 'lorem ipsum dolor', '256384.90', 'Vestibulum rutrum rutrum neque. Aenean auctor gravida sem.', 19),
(112, 14, 'non velit nec', '122117.41', 'Duis consequat dui nec nisi volutpat eleifend.', 13),
(113, 43, 'donec vitae nisi', '260702.94', 'Integer ac neque. Duis bibendum. Morbi non quam nec dui luctus rutrum.', 22),
(114, 36, 'purus phasellus', '757398.45', 'Maecenas pulvinar lobortis est.', 9),
(115, 46, 'vel sem sed', '136268.94', 'Etiam faucibus cursus urna. Ut tellus.', 18),
(116, 17, 'nibh quisque', '98433.50', 'Lorem ipsum dolor sit amet, consectetuer adipiscing elit. Proin risus. Praesent lectus.', 24),
(117, 42, 'eget vulputate', '735373.34', 'Nam congue, risus semper porta volutpat, quam pede lobortis ligula, sit amet eleifend pede libero quis orci.', 22),
(118, 25, 'pellentesque volutpat dui', '649648.07', 'Nullam porttitor lacus at turpis. Donec posuere metus vitae ipsum. Aliquam non mauris.', 15),
(119, 34, 'eget tempus vel', '686823.16', 'Aliquam non mauris. Morbi non lectus. Aliquam sit amet diam in magna bibendum imperdiet. Nullam orci pede, venenatis non, sodales sed, tincidunt eu, felis.', 18),
(120, 28, 'curae nulla dapibus', '458023.91', 'Mauris sit amet eros. Suspendisse accumsan tortor quis turpis.', 34),
(121, 6, 'diam nam', '68973.33', 'In congue. Etiam justo.', 5),
(122, 32, 'ligula vehicula', '334508.84', 'Suspendisse potenti. Cras in purus eu magna vulputate luctus. Cum sociis natoque penatibus et magnis dis parturient montes, nascetur ridiculus mus.', 18),
(123, 19, 'dolor vel', '89171.66', 'Lorem ipsum dolor sit amet, consectetuer adipiscing elit. Proin risus. Praesent lectus. Vestibulum quam sapien, varius ut, blandit non, interdum in, ante.', 8),
(124, 48, 'mi in', '780766.70', 'Vestibulum ante ipsum primis in faucibus orci luctus et ultrices posuere cubilia Curae; Mauris viverra diam vitae quam. Suspendisse potenti. Nullam porttitor lacus at turpis. Donec posuere metus vitae ipsum.', 14),
(125, 48, 'nulla nunc purus', '127173.83', 'Donec odio justo, sollicitudin ut, suscipit a, feugiat et, eros. Vestibulum ac est lacinia nisi venenatis tristique. Fusce congue, diam id ornare imperdiet, sapien urna pretium nisl, ut volutpat sapien arcu sed augue. Aliquam erat volutpat.', 6),
(126, 33, 'bibendum morbi', '567277.46', 'Sed sagittis. Nam congue, risus semper porta volutpat, quam pede lobortis ligula, sit amet eleifend pede libero quis orci. Nullam molestie nibh in lectus.', 33),
(127, 1, 'eu interdum eu', '681212.78', 'Quisque erat eros, viverra eget, congue eget, semper rutrum, nulla.', 34),
(128, 27, 'lectus pellentesque at', '127419.51', 'In hac habitasse platea dictumst.', 31),
(129, 31, 'molestie nibh in', '101931.38', 'Vestibulum sed magna at nunc commodo placerat. Praesent blandit. Nam nulla. Integer pede justo, lacinia eget, tincidunt eget, tempus vel, pede.', 21),
(130, 25, 'purus phasellus in', '399384.99', 'In hac habitasse platea dictumst. Maecenas ut massa quis augue luctus tincidunt. Nulla mollis molestie lorem.', 26),
(131, 1, 'volutpat sapien', '853434.51', 'Integer a nibh. In quis justo.', 24),
(132, 1, 'natoque penatibus et', '922620.80', 'Donec quis orci eget orci vehicula condimentum. Curabitur in libero ut massa volutpat convallis.', 23),
(133, 36, 'donec odio justo', '559528.13', 'Curabitur convallis. Duis consequat dui nec nisi volutpat eleifend. Donec ut dolor. Morbi vel lectus in quam fringilla rhoncus.', 33),
(134, 9, 'pulvinar sed nisl', '887688.88', 'Nullam porttitor lacus at turpis. Donec posuere metus vitae ipsum. Aliquam non mauris. Morbi non lectus.', 14),
(135, 39, 'nulla mollis molestie', '749873.27', 'In hac habitasse platea dictumst.', 16),
(136, 44, 'penatibus et magnis', '324208.23', 'Phasellus id sapien in sapien iaculis congue.', 34),
(137, 28, 'duis ac nibh', '642392.73', 'Suspendisse accumsan tortor quis turpis. Sed ante.', 19),
(138, 33, 'pede lobortis ligula', '334238.68', 'Sed vel enim sit amet nunc viverra dapibus. Nulla suscipit ligula in lacus. Curabitur at ipsum ac tellus semper interdum.', 12),
(139, 16, 'justo aliquam', '380868.84', 'Donec diam neque, vestibulum eget, vulputate ut, ultrices vel, augue. Vestibulum ante ipsum primis in faucibus orci luctus et ultrices posuere cubilia Curae; Donec pharetra, magna vestibulum aliquet ultrices, erat tortor sollicitudin mi, sit amet lobortis sapien sapien non mi. Integer ac neque.', 33),
(140, 43, 'nulla quisque', '189581.29', 'Sed sagittis. Nam congue, risus semper porta volutpat, quam pede lobortis ligula, sit amet eleifend pede libero quis orci. Nullam molestie nibh in lectus. Pellentesque at nulla.', 11),
(141, 39, 'suscipit a', '106773.84', 'Mauris enim leo, rhoncus sed, vestibulum sit amet, cursus id, turpis. Integer aliquet, massa id lobortis convallis, tortor risus dapibus augue, vel accumsan tellus nisi eu orci. Mauris lacinia sapien quis libero. Nullam sit amet turpis elementum ligula vehicula consequat.', 15),
(142, 19, 'viverra dapibus', '110817.02', 'Nulla suscipit ligula in lacus. Curabitur at ipsum ac tellus semper interdum. Mauris ullamcorper purus sit amet nulla.', 18),
(143, 29, 'felis fusce posuere', '723932.23', 'Suspendisse potenti. In eleifend quam a odio. In hac habitasse platea dictumst.', 21),
(144, 46, 'vivamus metus arcu', '181284.28', 'Aenean auctor gravida sem.', 33),
(145, 36, 'in hac habitasse', '147872.27', 'Sed vel enim sit amet nunc viverra dapibus. Nulla suscipit ligula in lacus.', 23),
(146, 38, 'justo eu massa', '945801.52', 'In sagittis dui vel nisl. Duis ac nibh. Fusce lacus purus, aliquet at, feugiat non, pretium quis, lectus.', 5),
(147, 6, 'odio consequat', '905184.47', 'Fusce posuere felis sed lacus. Morbi sem mauris, laoreet ut, rhoncus aliquet, pulvinar sed, nisl. Nunc rhoncus dui vel sem.', 23),
(148, 46, 'sit amet', '465066.52', 'Donec dapibus.', 11),
(149, 31, 'vel nisl duis', '637226.41', 'Integer pede justo, lacinia eget, tincidunt eget, tempus vel, pede. Morbi porttitor lorem id ligula. Suspendisse ornare consequat lectus.', 17),
(150, 42, 'pretium iaculis justo', '268231.53', 'Duis ac nibh. Fusce lacus purus, aliquet at, feugiat non, pretium quis, lectus. Suspendisse potenti.', 7),
(151, 34, 'sed vel enim', '979985.05', 'Donec vitae nisi.', 13),
(152, 35, 'in hac habitasse', '721435.27', 'Duis bibendum, felis sed interdum venenatis, turpis enim blandit mi, in porttitor pede justo eu massa. Donec dapibus.', NULL),
(153, 12, 'quam pharetra', '812720.95', 'Praesent id massa id nisl venenatis lacinia. Aenean sit amet justo. Morbi ut odio. Cras mi pede, malesuada in, imperdiet et, commodo vulputate, justo.', NULL),
(154, 48, 'ornare imperdiet sapien', '773701.73', 'Maecenas pulvinar lobortis est. Phasellus sit amet erat.', NULL),
(155, 7, 'nulla ac', '822457.37', 'Cras mi pede, malesuada in, imperdiet et, commodo vulputate, justo. In blandit ultrices enim.', NULL),
(156, 25, 'vel est donec', '167405.69', 'Integer pede justo, lacinia eget, tincidunt eget, tempus vel, pede.', NULL),
(157, 23, 'eu massa donec', '111667.58', 'Integer ac leo. Pellentesque ultrices mattis odio. Donec vitae nisi. Nam ultrices, libero non mattis pulvinar, nulla pede ullamcorper augue, a suscipit nulla elit ac nulla.', NULL),
(158, 41, 'viverra pede', '971253.70', 'Fusce congue, diam id ornare imperdiet, sapien urna pretium nisl, ut volutpat sapien arcu sed augue. Aliquam erat volutpat.', NULL),
(159, 15, 'aliquam augue quam', '545117.75', 'Suspendisse potenti. In eleifend quam a odio.', NULL),
(160, 1, 'ac diam cras', '481960.42', 'Maecenas pulvinar lobortis est.', NULL),
(161, 27, 'nonummy maecenas tincidunt', '71432.35', 'Duis ac nibh.', NULL),
(162, 44, 'felis fusce', '923859.67', 'Proin at turpis a pede posuere nonummy.', NULL),
(163, 10, 'ante nulla', '155657.65', 'Donec quis orci eget orci vehicula condimentum. Curabitur in libero ut massa volutpat convallis.', NULL),
(164, 45, 'duis consequat', '632505.97', 'Nulla neque libero, convallis eget, eleifend luctus, ultricies eu, nibh. Quisque id justo sit amet sapien dignissim vestibulum.', NULL),
(165, 34, 'pellentesque at', '72132.68', 'Morbi quis tortor id nulla ultrices aliquet.', 16),
(166, 9, 'at vulputate', '935242.87', 'Morbi a ipsum. Integer a nibh.', NULL),
(167, 49, 'risus auctor', '777640.30', 'Donec ut dolor.', NULL),
(168, 29, 'lectus suspendisse potenti', '87209.17', 'Duis bibendum. Morbi non quam nec dui luctus rutrum. Nulla tellus.', NULL),
(169, 6, 'pede ac diam', '534843.60', 'Fusce posuere felis sed lacus. Morbi sem mauris, laoreet ut, rhoncus aliquet, pulvinar sed, nisl.', NULL),
(170, 7, 'in tempus sit', '719417.29', 'In eleifend quam a odio. In hac habitasse platea dictumst. Maecenas ut massa quis augue luctus tincidunt.', NULL),
(171, 40, 'blandit ultrices enim', '268244.98', 'Vestibulum quam sapien, varius ut, blandit non, interdum in, ante. Vestibulum ante ipsum primis in faucibus orci luctus et ultrices posuere cubilia Curae; Duis faucibus accumsan odio. Curabitur convallis. Duis consequat dui nec nisi volutpat eleifend.', NULL),
(172, 12, 'sociis natoque penatibus', '114720.02', 'In tempor, turpis nec euismod scelerisque, quam turpis adipiscing lorem, vitae mattis nibh ligula nec sem. Duis aliquam convallis nunc.', NULL),
(173, 11, 'tincidunt in leo', '504732.89', 'Etiam justo. Etiam pretium iaculis justo.', NULL),
(174, 46, 'etiam faucibus', '141784.05', 'Nullam varius. Nulla facilisi.', NULL),
(175, 39, 'quis libero nullam', '760316.05', 'Integer pede justo, lacinia eget, tincidunt eget, tempus vel, pede.', 9),
(176, 32, 'tempor convallis', '431420.42', 'Vestibulum ac est lacinia nisi venenatis tristique. Fusce congue, diam id ornare imperdiet, sapien urna pretium nisl, ut volutpat sapien arcu sed augue. Aliquam erat volutpat.', NULL),
(177, 22, 'erat vestibulum sed', '983350.30', 'Integer a nibh. In quis justo. Maecenas rhoncus aliquam lacus. Morbi quis tortor id nulla ultrices aliquet.', NULL),
(178, 36, 'porttitor id', '496153.73', 'Donec ut dolor. Morbi vel lectus in quam fringilla rhoncus. Mauris enim leo, rhoncus sed, vestibulum sit amet, cursus id, turpis. Integer aliquet, massa id lobortis convallis, tortor risus dapibus augue, vel accumsan tellus nisi eu orci.', NULL),
(179, 47, 'purus aliquet at', '930135.88', 'Nulla ac enim. In tempor, turpis nec euismod scelerisque, quam turpis adipiscing lorem, vitae mattis nibh ligula nec sem. Duis aliquam convallis nunc. Proin at turpis a pede posuere nonummy.', NULL),
(180, 15, 'suspendisse accumsan', '36714.31', 'Phasellus id sapien in sapien iaculis congue. Vivamus metus arcu, adipiscing molestie, hendrerit at, vulputate vitae, nisl. Aenean lectus. Pellentesque eget nunc.', NULL),
(181, 42, 'eu tincidunt in', '297500.86', 'Donec dapibus.', 9),
(182, 20, 'enim sit amet', '281797.72', 'Vestibulum ante ipsum primis in faucibus orci luctus et ultrices posuere cubilia Curae; Donec pharetra, magna vestibulum aliquet ultrices, erat tortor sollicitudin mi, sit amet lobortis sapien sapien non mi.', NULL),
(183, 24, 'duis at velit', '672486.64', 'Nunc purus. Phasellus in felis.', NULL),
(184, 33, 'id justo', '402282.18', 'Phasellus id sapien in sapien iaculis congue. Vivamus metus arcu, adipiscing molestie, hendrerit at, vulputate vitae, nisl. Aenean lectus. Pellentesque eget nunc.', NULL),
(185, 13, 'libero quis', '107979.38', 'Integer ac neque.', NULL),
(186, 41, 'turpis sed ante', '485841.31', 'Nunc nisl.', NULL),
(187, 15, 'odio condimentum id', '234128.27', 'Fusce consequat.', NULL),
(188, 35, 'tellus nulla', '221133.91', 'Cras in purus eu magna vulputate luctus. Cum sociis natoque penatibus et magnis dis parturient montes, nascetur ridiculus mus. Vivamus vestibulum sagittis sapien. Cum sociis natoque penatibus et magnis dis parturient montes, nascetur ridiculus mus.', NULL),
(189, 44, 'suscipit nulla', '542872.38', 'Donec dapibus. Duis at velit eu est congue elementum.', NULL),
(190, 9, 'tempus vel pede', '378252.02', 'Phasellus sit amet erat. Nulla tempus. Vivamus in felis eu sapien cursus vestibulum. Proin eu mi.', NULL),
(191, 19, 'posuere cubilia', '39596.91', 'Aenean lectus. Pellentesque eget nunc. Donec quis orci eget orci vehicula condimentum. Curabitur in libero ut massa volutpat convallis.', NULL),
(192, 2, 'in hac habitasse', '28180.77', 'Morbi non lectus. Aliquam sit amet diam in magna bibendum imperdiet. Nullam orci pede, venenatis non, sodales sed, tincidunt eu, felis. Fusce posuere felis sed lacus.', NULL),
(193, 36, 'tempus semper', '740324.69', 'Praesent lectus. Vestibulum quam sapien, varius ut, blandit non, interdum in, ante. Vestibulum ante ipsum primis in faucibus orci luctus et ultrices posuere cubilia Curae; Duis faucibus accumsan odio. Curabitur convallis.', NULL),
(194, 1, 'vivamus in felis', '503556.43', 'Vestibulum sed magna at nunc commodo placerat. Praesent blandit. Nam nulla. Integer pede justo, lacinia eget, tincidunt eget, tempus vel, pede.', NULL),
(195, 31, 'duis at', '700889.35', 'Praesent blandit lacinia erat.', NULL),
(196, 32, 'erat quisque', '689192.81', 'Nulla mollis molestie lorem.', NULL),
(197, 21, 'quis libero', '105821.65', 'Fusce lacus purus, aliquet at, feugiat non, pretium quis, lectus. Suspendisse potenti.', NULL),
(198, 11, 'consequat dui', '93959.31', 'Integer ac leo. Pellentesque ultrices mattis odio. Donec vitae nisi. Nam ultrices, libero non mattis pulvinar, nulla pede ullamcorper augue, a suscipit nulla elit ac nulla.', NULL),
(199, 22, 'convallis nunc proin', '265413.65', 'Maecenas tristique, est et tempus semper, est quam pharetra magna, ac consequat metus sapien ut nunc.', NULL),
(200, 26, 'eget tempus', '235641.45', 'Donec vitae nisi.', NULL),
(201, 46, 'congue eget semper', '467067.56', 'Aenean fermentum. Donec ut mauris eget massa tempor convallis.', NULL),
(202, 27, 'orci vehicula', '185571.93', 'Cras pellentesque volutpat dui. Maecenas tristique, est et tempus semper, est quam pharetra magna, ac consequat metus sapien ut nunc.', NULL),
(203, 6, 'ligula vehicula', '268497.81', 'Vivamus vel nulla eget eros elementum pellentesque.', NULL),
(204, 36, 'mauris laoreet ut', '231872.88', 'In tempor, turpis nec euismod scelerisque, quam turpis adipiscing lorem, vitae mattis nibh ligula nec sem.', NULL),
(205, 1, 'curabitur convallis duis', '608217.72', 'Vivamus tortor. Duis mattis egestas metus.', NULL),
(206, 27, 'diam id', '556407.83', 'Pellentesque at nulla. Suspendisse potenti. Cras in purus eu magna vulputate luctus. Cum sociis natoque penatibus et magnis dis parturient montes, nascetur ridiculus mus.', NULL),
(207, 13, 'quis turpis', '286293.22', 'Quisque ut erat. Curabitur gravida nisi at nibh.', NULL),
(208, 22, 'mauris viverra diam', '619291.97', 'Nullam porttitor lacus at turpis.', NULL),
(209, 41, 'tincidunt eget', '690425.05', 'Duis consequat dui nec nisi volutpat eleifend.', NULL),
(210, 23, 'gravida sem', '369435.87', 'Quisque ut erat. Curabitur gravida nisi at nibh. In hac habitasse platea dictumst.', NULL),
(211, 33, 'rutrum at', '595870.56', 'Integer ac neque. Duis bibendum. Morbi non quam nec dui luctus rutrum.', NULL),
(212, 47, 'aenean lectus pellentesque', '824680.59', 'In hac habitasse platea dictumst.', NULL),
(213, 44, 'platea dictumst', '669672.61', 'Duis bibendum, felis sed interdum venenatis, turpis enim blandit mi, in porttitor pede justo eu massa. Donec dapibus. Duis at velit eu est congue elementum.', NULL),
(214, 17, 'convallis morbi odio', '945662.20', 'Morbi sem mauris, laoreet ut, rhoncus aliquet, pulvinar sed, nisl. Nunc rhoncus dui vel sem. Sed sagittis. Nam congue, risus semper porta volutpat, quam pede lobortis ligula, sit amet eleifend pede libero quis orci.', NULL),
(215, 17, 'ultrices posuere cubilia', '160926.19', 'Integer ac neque. Duis bibendum. Morbi non quam nec dui luctus rutrum.', NULL),
(216, 30, 'ac est lacinia', '446193.53', 'Nunc rhoncus dui vel sem.', NULL),
(217, 47, 'sodales scelerisque mauris', '369071.34', 'Etiam pretium iaculis justo. In hac habitasse platea dictumst. Etiam faucibus cursus urna. Ut tellus.', NULL),
(218, 12, 'donec posuere', '565277.48', 'Aliquam erat volutpat.', NULL),
(219, 27, 'orci luctus et', '255279.83', 'Sed sagittis. Nam congue, risus semper porta volutpat, quam pede lobortis ligula, sit amet eleifend pede libero quis orci.', NULL),
(220, 29, 'interdum in', '812705.82', 'Morbi sem mauris, laoreet ut, rhoncus aliquet, pulvinar sed, nisl. Nunc rhoncus dui vel sem.', NULL),
(221, 4, 'fusce posuere felis', '437674.82', 'Phasellus in felis. Donec semper sapien a libero. Nam dui. Proin leo odio, porttitor id, consequat in, consequat ut, nulla.', NULL),
(222, 48, 'ipsum ac tellus', '419330.34', 'Nullam sit amet turpis elementum ligula vehicula consequat. Morbi a ipsum.', NULL),
(223, 32, 'primis in', '738268.47', 'Mauris ullamcorper purus sit amet nulla. Quisque arcu libero, rutrum ac, lobortis vel, dapibus at, diam.', NULL),
(224, 17, 'lectus pellentesque eget', '258916.34', 'Morbi odio odio, elementum eu, interdum eu, tincidunt in, leo.', NULL),
(225, 31, 'morbi non quam', '558716.40', 'Donec odio justo, sollicitudin ut, suscipit a, feugiat et, eros. Vestibulum ac est lacinia nisi venenatis tristique. Fusce congue, diam id ornare imperdiet, sapien urna pretium nisl, ut volutpat sapien arcu sed augue.', NULL),
(226, 44, 'rhoncus aliquet', '990715.52', 'Fusce posuere felis sed lacus. Morbi sem mauris, laoreet ut, rhoncus aliquet, pulvinar sed, nisl. Nunc rhoncus dui vel sem. Sed sagittis.', NULL),
(227, 19, 'potenti cras', '637864.36', 'Duis at velit eu est congue elementum. In hac habitasse platea dictumst. Morbi vestibulum, velit id pretium iaculis, diam erat fermentum justo, nec condimentum neque sapien placerat ante.', NULL),
(228, 29, 'ridiculus mus', '273926.53', 'Suspendisse potenti. Nullam porttitor lacus at turpis.', NULL),
(229, 48, 'erat fermentum justo', '505777.74', 'Morbi sem mauris, laoreet ut, rhoncus aliquet, pulvinar sed, nisl.', NULL),
(230, 47, 'integer ac', '230807.56', 'Duis mattis egestas metus. Aenean fermentum. Donec ut mauris eget massa tempor convallis.', NULL),
(231, 47, 'viverra eget', '998559.98', 'Suspendisse potenti. Nullam porttitor lacus at turpis. Donec posuere metus vitae ipsum.', NULL),
(232, 26, 'aliquam quis', '777339.14', 'Donec semper sapien a libero. Nam dui.', NULL),
(233, 5, 'ligula suspendisse', '471947.07', 'Vestibulum ante ipsum primis in faucibus orci luctus et ultrices posuere cubilia Curae; Duis faucibus accumsan odio. Curabitur convallis.', NULL),
(234, 3, 'at nulla', '693124.30', 'Aliquam augue quam, sollicitudin vitae, consectetuer eget, rutrum at, lorem. Integer tincidunt ante vel ipsum.', NULL),
(235, 25, 'vel nisl', '883836.79', 'Proin eu mi.', NULL),
(236, 1, 'id sapien', '979558.91', 'Integer non velit. Donec diam neque, vestibulum eget, vulputate ut, ultrices vel, augue. Vestibulum ante ipsum primis in faucibus orci luctus et ultrices posuere cubilia Curae; Donec pharetra, magna vestibulum aliquet ultrices, erat tortor sollicitudin mi, sit amet lobortis sapien sapien non mi.', NULL),
(237, 47, 'erat eros', '579390.39', 'Nulla tellus. In sagittis dui vel nisl. Duis ac nibh.', NULL),
(238, 6, 'duis consequat', '508983.05', 'Ut tellus. Nulla ut erat id mauris vulputate elementum.', NULL),
(239, 25, 'sem duis aliquam', '443010.31', 'Morbi a ipsum. Integer a nibh. In quis justo. Maecenas rhoncus aliquam lacus.', NULL),
(240, 48, 'mus etiam vel', '778115.32', 'Aenean lectus.', NULL),
(241, 7, 'at dolor quis', '664142.59', 'Sed vel enim sit amet nunc viverra dapibus. Nulla suscipit ligula in lacus. Curabitur at ipsum ac tellus semper interdum.', NULL),
(242, 24, 'dolor sit amet', '512343.72', 'Maecenas rhoncus aliquam lacus. Morbi quis tortor id nulla ultrices aliquet. Maecenas leo odio, condimentum id, luctus nec, molestie sed, justo. Pellentesque viverra pede ac diam.', NULL),
(243, 11, 'cum sociis natoque', '452639.67', 'Vestibulum rutrum rutrum neque.', NULL),
(244, 37, 'amet sapien dignissim', '97413.76', 'Morbi odio odio, elementum eu, interdum eu, tincidunt in, leo. Maecenas pulvinar lobortis est. Phasellus sit amet erat.', NULL),
(245, 10, 'massa volutpat convallis', '291567.49', 'Nulla nisl. Nunc nisl. Duis bibendum, felis sed interdum venenatis, turpis enim blandit mi, in porttitor pede justo eu massa.', NULL),
(246, 24, 'eu interdum', '320701.07', 'Duis bibendum. Morbi non quam nec dui luctus rutrum. Nulla tellus.', NULL),
(247, 11, 'sem sed', '321737.40', 'Integer aliquet, massa id lobortis convallis, tortor risus dapibus augue, vel accumsan tellus nisi eu orci. Mauris lacinia sapien quis libero. Nullam sit amet turpis elementum ligula vehicula consequat. Morbi a ipsum.', NULL),
(248, 43, 'convallis tortor risus', '140000.35', 'Vestibulum ante ipsum primis in faucibus orci luctus et ultrices posuere cubilia Curae; Donec pharetra, magna vestibulum aliquet ultrices, erat tortor sollicitudin mi, sit amet lobortis sapien sapien non mi. Integer ac neque.', NULL),
(249, 49, 'metus sapien ut', '836735.80', 'Cras in purus eu magna vulputate luctus. Cum sociis natoque penatibus et magnis dis parturient montes, nascetur ridiculus mus.', NULL),
(250, 41, 'posuere cubilia', '578186.27', 'In tempor, turpis nec euismod scelerisque, quam turpis adipiscing lorem, vitae mattis nibh ligula nec sem. Duis aliquam convallis nunc. Proin at turpis a pede posuere nonummy.', NULL),
(251, 11, 'sagittis nam', '45048.05', 'Donec diam neque, vestibulum eget, vulputate ut, ultrices vel, augue.', NULL),
(252, 10, 'quis odio consequat', '721360.64', 'Lorem ipsum dolor sit amet, consectetuer adipiscing elit.', NULL),
(253, 47, 'ante ipsum', '986387.83', 'Phasellus in felis. Donec semper sapien a libero.', NULL),
(254, 10, 'luctus et', '874482.40', 'Praesent id massa id nisl venenatis lacinia. Aenean sit amet justo.', NULL),
(255, 12, 'ipsum dolor', '896342.50', 'In tempor, turpis nec euismod scelerisque, quam turpis adipiscing lorem, vitae mattis nibh ligula nec sem. Duis aliquam convallis nunc. Proin at turpis a pede posuere nonummy.', NULL),
(256, 12, 'risus praesent', '797612.35', 'Vivamus vel nulla eget eros elementum pellentesque. Quisque porta volutpat erat.', NULL),
(257, 45, 'nulla sed', '470740.26', 'Morbi porttitor lorem id ligula.', NULL),
(258, 43, 'quam nec dui', '453569.66', 'Etiam faucibus cursus urna. Ut tellus.', NULL),
(259, 25, 'consequat dui', '239328.56', 'Aliquam augue quam, sollicitudin vitae, consectetuer eget, rutrum at, lorem. Integer tincidunt ante vel ipsum.', NULL),
(260, 27, 'donec diam neque', '420455.16', 'Nulla tellus. In sagittis dui vel nisl. Duis ac nibh.', NULL),
(261, 24, 'tempus vivamus in', '303833.57', 'Morbi non quam nec dui luctus rutrum. Nulla tellus. In sagittis dui vel nisl.', NULL),
(262, 36, 'duis bibendum felis', '932410.77', 'Etiam vel augue. Vestibulum rutrum rutrum neque.', NULL),
(263, 39, 'condimentum id luctus', '166212.22', 'Nulla mollis molestie lorem. Quisque ut erat. Curabitur gravida nisi at nibh.', 26),
(264, 8, 'consequat ut', '573894.90', 'Mauris sit amet eros. Suspendisse accumsan tortor quis turpis.', NULL),
(265, 27, 'a feugiat et', '402844.74', 'Integer a nibh. In quis justo. Maecenas rhoncus aliquam lacus.', NULL),
(266, 46, 'nulla sed', '307454.43', 'Nam ultrices, libero non mattis pulvinar, nulla pede ullamcorper augue, a suscipit nulla elit ac nulla.', NULL),
(267, 2, 'proin interdum', '152931.74', 'Ut tellus. Nulla ut erat id mauris vulputate elementum.', NULL),
(268, 7, 'sed lacus morbi', '237041.75', 'Proin interdum mauris non ligula pellentesque ultrices. Phasellus id sapien in sapien iaculis congue.', NULL),
(269, 30, 'quam sollicitudin vitae', '67254.65', 'Donec quis orci eget orci vehicula condimentum. Curabitur in libero ut massa volutpat convallis. Morbi odio odio, elementum eu, interdum eu, tincidunt in, leo. Maecenas pulvinar lobortis est.', NULL),
(270, 14, 'elementum eu', '895807.04', 'Nulla tempus.', NULL),
(271, 13, 'in blandit ultrices', '71993.16', 'In hac habitasse platea dictumst. Etiam faucibus cursus urna. Ut tellus.', NULL),
(272, 28, 'justo sit', '43741.08', 'Integer pede justo, lacinia eget, tincidunt eget, tempus vel, pede.', NULL),
(273, 43, 'nulla eget', '571108.96', 'Quisque id justo sit amet sapien dignissim vestibulum.', NULL),
(274, 46, 'donec ut mauris', '37123.34', 'Praesent blandit. Nam nulla. Integer pede justo, lacinia eget, tincidunt eget, tempus vel, pede. Morbi porttitor lorem id ligula.', NULL),
(275, 32, 'libero non', '78349.13', 'Cras mi pede, malesuada in, imperdiet et, commodo vulputate, justo.', NULL),
(276, 40, 'ut massa', '785877.36', 'Etiam justo. Etiam pretium iaculis justo.', NULL),
(277, 9, 'erat eros viverra', '370316.25', 'Nulla ac enim. In tempor, turpis nec euismod scelerisque, quam turpis adipiscing lorem, vitae mattis nibh ligula nec sem. Duis aliquam convallis nunc.', NULL),
(278, 28, 'libero nullam', '662232.75', 'Nulla facilisi. Cras non velit nec nisi vulputate nonummy. Maecenas tincidunt lacus at velit. Vivamus vel nulla eget eros elementum pellentesque.', NULL),
(279, 27, 'enim leo rhoncus', '331431.94', 'Morbi vestibulum, velit id pretium iaculis, diam erat fermentum justo, nec condimentum neque sapien placerat ante. Nulla justo.', NULL),
(280, 21, 'proin risus', '324155.44', 'Nulla nisl.', NULL),
(281, 39, 'nec molestie', '23699.67', 'Phasellus sit amet erat.', 25),
(282, 5, 'lectus suspendisse potenti', '239574.94', 'Vestibulum ac est lacinia nisi venenatis tristique. Fusce congue, diam id ornare imperdiet, sapien urna pretium nisl, ut volutpat sapien arcu sed augue. Aliquam erat volutpat.', NULL),
(283, 30, 'dolor vel', '410801.20', 'Curabitur in libero ut massa volutpat convallis. Morbi odio odio, elementum eu, interdum eu, tincidunt in, leo.', NULL),
(284, 21, 'eu massa', '342073.18', 'Duis aliquam convallis nunc. Proin at turpis a pede posuere nonummy. Integer non velit.', NULL),
(285, 35, 'ac consequat', '312605.21', 'Morbi non lectus. Aliquam sit amet diam in magna bibendum imperdiet.', NULL),
(286, 45, 'erat vestibulum sed', '812188.53', 'Nam congue, risus semper porta volutpat, quam pede lobortis ligula, sit amet eleifend pede libero quis orci. Nullam molestie nibh in lectus. Pellentesque at nulla.', NULL),
(287, 31, 'at feugiat non', '903461.18', 'Nam nulla. Integer pede justo, lacinia eget, tincidunt eget, tempus vel, pede.', NULL),
(288, 40, 'velit vivamus vel', '964970.87', 'In hac habitasse platea dictumst. Aliquam augue quam, sollicitudin vitae, consectetuer eget, rutrum at, lorem.', NULL),
(289, 29, 'lectus aliquam sit', '690604.03', 'In blandit ultrices enim. Lorem ipsum dolor sit amet, consectetuer adipiscing elit. Proin interdum mauris non ligula pellentesque ultrices.', NULL),
(290, 10, 'vivamus in', '386200.31', 'Aenean sit amet justo.', NULL),
(291, 16, 'et commodo vulputate', '157631.97', 'Curabitur gravida nisi at nibh. In hac habitasse platea dictumst. Aliquam augue quam, sollicitudin vitae, consectetuer eget, rutrum at, lorem. Integer tincidunt ante vel ipsum.', NULL),
(292, 9, 'lacinia sapien quis', '705835.42', 'Duis consequat dui nec nisi volutpat eleifend. Donec ut dolor. Morbi vel lectus in quam fringilla rhoncus. Mauris enim leo, rhoncus sed, vestibulum sit amet, cursus id, turpis.', NULL),
(293, 31, 'nonummy maecenas tincidunt', '569342.93', 'Vestibulum rutrum rutrum neque. Aenean auctor gravida sem. Praesent id massa id nisl venenatis lacinia.', NULL),
(294, 49, 'erat id mauris', '257396.74', 'Nunc nisl. Duis bibendum, felis sed interdum venenatis, turpis enim blandit mi, in porttitor pede justo eu massa. Donec dapibus.', NULL),
(295, 23, 'eu nibh quisque', '826899.30', 'Praesent id massa id nisl venenatis lacinia. Aenean sit amet justo.', NULL),
(296, 12, 'feugiat et', '976569.99', 'Maecenas tincidunt lacus at velit. Vivamus vel nulla eget eros elementum pellentesque.', NULL),
(297, 30, 'semper porta', '183588.28', 'Curabitur at ipsum ac tellus semper interdum. Mauris ullamcorper purus sit amet nulla. Quisque arcu libero, rutrum ac, lobortis vel, dapibus at, diam.', NULL),
(298, 45, 'volutpat erat quisque', '603371.26', 'Fusce congue, diam id ornare imperdiet, sapien urna pretium nisl, ut volutpat sapien arcu sed augue. Aliquam erat volutpat. In congue.', NULL),
(299, 23, 'et eros vestibulum', '452680.96', 'Curabitur in libero ut massa volutpat convallis. Morbi odio odio, elementum eu, interdum eu, tincidunt in, leo. Maecenas pulvinar lobortis est. Phasellus sit amet erat.', NULL),
(300, 38, 'eget vulputate ut', '254454.56', 'Nam dui.', NULL);

