
--
-- Dumping data for table `users`
--

INSERT INTO `users` (`id`, `name`, `linkedin_id`, `pic_url`, `company_id`, `profile_url`) VALUES
(23, 'sameera rukshan', '4', 'http://m.c.lnkd.licdn.com/mpr/mpr/shrink_200_200/p/1/000/1f8/2ac/33d767b.jpg', 2, 'http://lk.linkedin.com/pub/sameera-rukshan/64/8b4/745'),
(24, 'Hasitha Dhananjaya', '5', 'http://m.c.lnkd.licdn.com/mpr/mpr/shrink_200_200/p/4/000/159/22b/2e7ecb6.jpg', 2, 'http://lk.linkedin.com/pub/hasitha-dhananjaya/46/816/136'),
(25, 'Ahsan Shamsudeen', '6', 'http://m.c.lnkd.licdn.com/mpr/mpr/shrink_200_200/p/2/000/19e/1a0/09d0e52.jpg', 2, 'http://lk.linkedin.com/in/ahsanshamsudeen'),
(26, 'Malintha Amarasinghe', '7', '', 2, 'http://lk.linkedin.com/pub/malintha-amarasinghe/38/66/480'),
(27, 'Rashmi Woranga', '8', 'http://m.c.lnkd.licdn.com/mpr/mpr/shrink_200_200/p/1/000/1c8/1c9/0406d6d.jpg', 2, 'http://lk.linkedin.com/in/rashmiworanga'),
(28, 'Janindu Arukgoda', '9', 'http://m.c.lnkd.licdn.com/mpr/mpr/shrink_200_200/p/2/000/0c5/39d/110fdad.jpg', 2, 'http://lk.linkedin.com/pub/janindu-arukgoda/35/378/437'),
(29, 'Chamika Kasun', '10', 'http://m.c.lnkd.licdn.com/media/p/7/000/2c1/2c7/11763c1.jpg', 2, 'http://lk.linkedin.com/in/chamikakasun'),
(30, 'Vidudaya Bandara', '11', 'http://m.c.lnkd.licdn.com/mpr/mpr/shrink_200_200/p/8/005/02f/3ad/1dc6616.jpg', 2, 'http://lk.linkedin.com/in/vidudaya'),
(31, 'Madhushi Bandara', '12', 'http://m.c.lnkd.licdn.com/media/p/8/005/04d/35f/1b97a3f.jpg', 2, 'http://lk.linkedin.com/in/madhushib'),
(32, 'Samiththa Bashani', '13', '', 2, 'http://lk.linkedin.com/pub/samiththa-bashani/75/a65/961'),
(33, 'Ahiladas Burusothman', '14', 'http://m.c.lnkd.licdn.com/mpr/mpr/shrink_200_200/p/8/005/04b/14d/219eba3.jpg', 2, 'http://lk.linkedin.com/pub/ahiladas-burusothman/6a/757/b27'),
(34, 'Anushka Mahesh', '15', 'http://m.c.lnkd.licdn.com/mpr/mpr/shrink_200_200/p/8/000/2c5/24f/28124df.jpg', 2, 'http://lk.linkedin.com/pub/anushka-mahesh/19/251/8b9'),
(35, 'Kelum Deshapriya', '16', 'http://m.c.lnkd.licdn.com/mpr/mpr/shrink_200_200/p/4/000/16a/32f/20bf3c9.jpg', 2, 'http://lk.linkedin.com/pub/kelum-deshapriya/50/9ba/454'),
(36, 'Sachith Withana', '17', 'http://m.c.lnkd.licdn.com/mpr/mpr/shrink_200_200/p/4/000/152/026/2dd46fb.jpg', 2, 'http://lk.linkedin.com/pub/sachith-withana/4a/35b/254'),
(37, 'Chanaka Dilshan', '18', 'http://m.c.lnkd.licdn.com/mpr/mpr/shrink_200_200/p/8/005/039/075/0a075fb.jpg', 2, 'http://lk.linkedin.com/pub/chanaka-dilshan/50/a20/66'),
(38, 'Fathima Fahima', '19', '', 2, 'http://lk.linkedin.com/in/fathimafahima'),
(39, 'Sajith Edirisinghe', '20', 'http://m.c.lnkd.licdn.com/media/p/7/005/04a/175/1b24115.jpg', 2, 'http://lk.linkedin.com/in/sajithdilshan'),
(40, 'Erlilverl Kanagasabai', '21', '', 2, 'http://lk.linkedin.com/pub/erlilverl-kanagasabai/79/769/55'),
(41, 'Milinda Fernando', '22', 'http://m.c.lnkd.licdn.com/mpr/mpr/shrink_200_200/p/6/005/05f/235/2195cb5.jpg', 2, 'http://lk.linkedin.com/pub/milinda-fernando/57/882/88b'),
(42, 'Vimuth Fernando', '23', 'http://m.c.lnkd.licdn.com/mpr/mpr/shrink_200_200/p/5/005/05f/138/15171e2.jpg', 2, 'http://lk.linkedin.com/pub/vimuth-fernando/32/820/6a1'),
(43, 'Vijayindu Gamage', '24', 'http://m.c.lnkd.licdn.com/mpr/mpr/shrink_200_200/p/4/000/138/001/214b88f.jpg', 2, 'http://lk.linkedin.com/in/vijayindu'),
(44, 'Chathura Gamage', '25', 'http://m.c.lnkd.licdn.com/mpr/mpr/shrink_200_200/p/2/000/2c5/308/08eaa16.jpg', 2, 'http://lk.linkedin.com/pub/chathura-gamage/36/8ba/a5b'),
(45, 'Gitanjali Thiyagalingam', '26', 'http://m.c.lnkd.licdn.com/mpr/mpr/shrink_200_200/p/5/005/022/17f/2bd539c.jpg', 2, 'http://lk.linkedin.com/pub/gitanjali-thiyagalingam/53/9ba/8b9'),
(46, 'Udith Gunaratna', '27', 'http://m.c.lnkd.licdn.com/media/p/7/005/036/0e5/32b2c1d.jpg', 2, 'http://lk.linkedin.com/in/udithg'),
(47, 'Shamika Gunaratne', '28', 'http://m.c.lnkd.licdn.com/mpr/mpr/shrink_200_200/p/1/000/190/031/151513c.jpg', 2, 'http://lk.linkedin.com/pub/shamika-gunaratne/29/ba3/391'),
(48, 'Nadeeshaan Gunasinghe', '29', 'http://m.c.lnkd.licdn.com/mpr/mpr/shrink_200_200/p/1/000/21d/34b/1b68839.jpg', 2, 'http://lk.linkedin.com/in/nadeeshaan'),
(49, 'Pubudu Gunatilaka', '30', 'http://m.c.lnkd.licdn.com/mpr/mpr/shrink_200_200/p/2/000/0d3/0f4/28fd9e6.jpg', 2, 'http://lk.linkedin.com/in/pubudugunatilaka'),
(50, 'Mihiri Gunatunge', '31', '', 2, 'http://lk.linkedin.com/pub/mihiri-gunatunge/76/b0b/682'),
(51, 'Shemil Hashan', '32', 'http://m.c.lnkd.licdn.com/mpr/mpr/shrink_200_200/p/8/000/1f0/078/352fb62.jpg', 2, 'http://lk.linkedin.com/pub/shemil-hashan/63/b99/bab'),
(52, 'Yahani Hewagama', '33', 'http://m.c.lnkd.licdn.com/mpr/mpr/shrink_200_200/p/5/005/02c/239/01ac74c.jpg', 2, 'http://lk.linkedin.com/in/yahanihwgm'),
(53, 'Supun Gothama', '34', 'http://m.c.lnkd.licdn.com/media/p/8/000/2c8/2ed/330d096.jpg', 2, 'http://lk.linkedin.com/pub/supun-gothama/34/6a1/7a4'),
(54, 'Mohamed Infaz', '35', 'http://m.c.lnkd.licdn.com/mpr/mpr/shrink_200_200/p/6/005/05c/14f/05b725e.jpg', 2, 'http://lk.linkedin.com/pub/mohamed-infaz/57/28b/28b'),
(55, 'Deepal Jayasekara', '36', 'http://m.c.lnkd.licdn.com/mpr/mpr/shrink_200_200/p/1/000/2a4/23f/3187950.jpg', 2, 'http://lk.linkedin.com/in/dpjayasekara'),
(56, 'Hirantha Sankalpa', '37', 'http://m.c.lnkd.licdn.com/mpr/mpr/shrink_200_200/p/6/005/027/11a/3025493.jpg', 2, 'http://lk.linkedin.com/pub/hirantha-sankalpa/69/929/5b5'),
(57, 'Isuru Jayaweera', '38', 'http://m.c.lnkd.licdn.com/mpr/mpr/shrink_200_200/p/6/000/2a9/1bf/099c04c.jpg', 2, 'http://lk.linkedin.com/pub/isuru-jayaweera/49/54/899'),
(58, 'Karthigesu Kamalabalan', '39', 'http://m.c.lnkd.licdn.com/mpr/mpr/shrink_200_200/p/7/005/03b/388/1a879c8.jpg', 2, 'http://lk.linkedin.com/in/kamalan'),
(59, 'Thimal Kempitiya', '40', 'http://m.c.lnkd.licdn.com/mpr/mpr/shrink_200_200/p/4/000/177/10d/305ab66.jpg', 2, 'http://lk.linkedin.com/in/thimalkempitiya'),
(60, 'Sasikala Kottegoda', '41', 'http://m.c.lnkd.licdn.com/media/p/5/005/02f/06c/359e7ec.jpg', 2, 'http://lk.linkedin.com/pub/sasikala-kottegoda/57/345/503'),
(61, 'Tharindu Rusira', '42', 'http://m.c.lnkd.licdn.com/mpr/mpr/shrink_200_200/p/5/005/055/190/2d10726.jpg', 2, 'http://lk.linkedin.com/in/trusira'),
(62, 'Chamath Kumarasinghe', '43', 'http://m.c.lnkd.licdn.com/media/p/8/005/04a/18e/2c5aef8.jpg', 2, 'http://lk.linkedin.com/pub/chamath-kumarasinghe/92/383/797'),
(63, 'Malinda Kumarasinghe', '44', '', 2, 'http://lk.linkedin.com/pub/malinda-kumarasinghe/92/3b9/b0'),
(64, 'Dinu Sandaru', '45', 'http://m.c.lnkd.licdn.com/mpr/mpr/shrink_200_200/p/7/005/04d/22b/23554eb.jpg', 2, 'http://lk.linkedin.com/pub/dinu-sandaru/28/865/551'),
(65, 'Lahiru Lasandun', '46', '', 2, 'http://lk.linkedin.com/pub/lahiru-lasandun/33/611/201'),
(66, 'Asiri Liyana Arachchi', '47', 'http://m.c.lnkd.licdn.com/mpr/mpr/shrink_200_200/p/6/005/008/1c7/132ddfe.jpg', 2, 'http://lk.linkedin.com/in/9asiri'),
(67, 'Dananji Liyanage', '48', 'http://m.c.lnkd.licdn.com/mpr/mpr/shrink_200_200/p/2/000/249/160/35111de.jpg', 2, 'http://lk.linkedin.com/pub/dananji-liyanage/25/872/796'),
(68, 'Tiroshan Madushanka', '49', 'http://m.c.lnkd.licdn.com/mpr/mpr/shrink_200_200/p/1/000/118/1e9/0eb0947.jpg', 2, 'http://lk.linkedin.com/pub/tiroshan-madushanka/33/43/5b7'),
(69, 'Jayaruwan Mannapperuma', '50', 'http://m.c.lnkd.licdn.com/mpr/mpr/shrink_200_200/p/2/000/111/0c7/1697689.jpg', 2, 'http://lk.linkedin.com/pub/jayaruwan-mannapperuma/34/658/596'),
(70, 'Laksheen Mendis', '51', 'http://m.c.lnkd.licdn.com/mpr/mpr/shrink_200_200/p/6/000/2c5/349/1531d4b.jpg', 2, 'http://lk.linkedin.com/pub/laksheen-mendis/33/902/148'),
(71, 'Vishmi Money', '52', 'http://m.c.lnkd.licdn.com/mpr/mpr/shrink_200_200/p/8/000/2a4/3ea/2eb916e.jpg', 2, 'http://lk.linkedin.com/in/vishmimoney'),
(72, 'Shashika Ranga Muramudalige', '53', 'http://m.c.lnkd.licdn.com/media/p/1/000/22e/344/1398dec.jpg', 2, 'http://lk.linkedin.com/in/shashika'),
(73, 'Tharindu Lakmal Muthugama', '54', 'http://m.c.lnkd.licdn.com/mpr/mpr/shrink_200_200/p/6/000/28e/3aa/3905dfa.jpg', 2, 'http://lk.linkedin.com/pub/tharindu-lakmal-muthugama/56/441/804'),
(74, 'Meuru Muthuthanthri', '55', 'http://m.c.lnkd.licdn.com/media/p/1/000/297/1a9/0d82794.jpg', 2, 'http://lk.linkedin.com/pub/meuru-muthuthanthri/36/473/826'),
(75, 'Sudheera Palihakkara', '56', 'http://m.c.lnkd.licdn.com/mpr/mpr/shrink_200_200/p/3/000/0aa/21d/02ee987.jpg', 2, 'http://lk.linkedin.com/pub/sudheera-palihakkara/31/384/574'),
(76, 'Paraneetharan Saravanaperumal', '57', 'http://m.c.lnkd.licdn.com/mpr/mpr/shrink_200_200/p/1/005/008/2b6/0737fc4.jpg', 2, 'http://lk.linkedin.com/pub/paraneetharan-saravanaperumal/35/a63/774'),
(77, 'Daham Positha Pathiraja', '58', 'http://m.c.lnkd.licdn.com/media/p/7/005/042/125/0768d32.jpg', 2, 'http://lk.linkedin.com/pub/daham-positha-pathiraja/60/25a/460'),
(78, 'Akila Pemasiri', '59', 'http://m.c.lnkd.licdn.com/mpr/mpr/shrink_200_200/p/2/000/0e6/151/1cd01f6.jpg', 2, 'http://lk.linkedin.com/pub/akila-pemasiri/33/748/707'),
(79, 'Nilaksha Perera', '60', 'http://m.c.lnkd.licdn.com/mpr/mpr/shrink_200_200/p/7/005/04a/164/134b875.jpg', 2, 'http://lk.linkedin.com/pub/nilaksha-perera/91/a5a/5b6'),
(80, 'Manuri Amaya Perera', '61', '', 2, 'http://lk.linkedin.com/pub/manuri-amaya-perera/38/940/a74'),
(81, 'Tharindu Amila Perera', '62', 'http://m.c.lnkd.licdn.com/mpr/mpr/shrink_200_200/p/2/000/1c8/1d0/3a8fc1d.jpg', 2, 'http://lk.linkedin.com/in/tharinduamilaperera'),
(82, 'Chalitha Perera', '63', '', 2, 'http://lk.linkedin.com/pub/chalitha-perera/95/695/204'),
(83, 'Chamara Philips', '64', 'http://m.c.lnkd.licdn.com/mpr/mpr/shrink_200_200/p/4/000/17b/0fe/153cb5d.jpg', 2, 'http://lk.linkedin.com/pub/chamara-philips/54/414/a5b'),
(84, 'Thilina Premasiri', '65', 'http://m.c.lnkd.licdn.com/mpr/mpr/shrink_200_200/p/5/000/1cb/02f/10c7a38.jpg', 2, 'http://lk.linkedin.com/pub/thilina-premasiri/46/803/9b6'),
(85, 'Rukshan Chathuranga', '66', 'http://m.c.lnkd.licdn.com/mpr/mpr/shrink_200_200/p/1/000/1b8/0b1/275dd9c.jpg', 2, 'http://lk.linkedin.com/pub/rukshan-chathuranga/38/930/5aa'),
(86, 'Tharindu Ranasinghe', '67', 'http://m.c.lnkd.licdn.com/mpr/mpr/shrink_200_200/p/7/005/047/382/087d21c.jpg', 2, 'http://lk.linkedin.com/in/tharinduranasinghe'),
(87, 'Rajitha Madhushan Ranasinghe', '68', 'http://m.c.lnkd.licdn.com/mpr/mpr/shrink_200_200/p/5/005/045/373/220a4e9.jpg', 2, 'http://lk.linkedin.com/in/yrmranasinghe'),
(88, 'Mihil Ranathunga', '69', '', 2, 'http://lk.linkedin.com/pub/mihil-ranathunga/47/703/b3'),
(89, 'Harshika Ranaweera', '70', 'http://m.c.lnkd.licdn.com/mpr/mpr/shrink_200_200/p/8/000/1f7/139/3f4fddf.jpg', 2, 'http://lk.linkedin.com/pub/harshika-ranaweera/64/745/895'),
(90, 'Keshani Rathnayake', '71', '', 2, 'http://lk.linkedin.com/pub/keshani-rathnayake/42/10b/8a9'),
(91, 'Thilina Bandara Rathnayake', '72', 'http://m.c.lnkd.licdn.com/mpr/mpr/shrink_200_200/p/7/005/02f/282/30625fb.jpg', 2, 'http://lk.linkedin.com/pub/thilina-bandara-rathnayake/35/36a/50'),
(92, 'Dammina Sahabandu', '73', 'http://m.c.lnkd.licdn.com/mpr/mpr/shrink_200_200/p/8/005/049/178/035143c.jpg', 2, 'http://lk.linkedin.com/pub/dammina-sahabandu/32/300/43b'),
(93, 'Chamath Sajeewa', '74', 'http://m.c.lnkd.licdn.com/mpr/mpr/shrink_200_200/p/3/005/00c/1e7/0c28cd5.jpg', 2, 'http://lk.linkedin.com/pub/chamath-sajeewa/36/a9/aa1'),
(94, 'Sampath Liyanage', '75', 'http://m.c.lnkd.licdn.com/mpr/mpr/shrink_200_200/p/7/005/01b/2bd/1bf7fed.jpg', 2, 'http://lk.linkedin.com/in/plbsam'),
(95, 'Randima Sandamal', '76', 'http://m.c.lnkd.licdn.com/mpr/mpr/shrink_200_200/p/7/005/04a/2a3/3053edd.jpg', 2, 'http://lk.linkedin.com/pub/randima-sandamal/92/37a/a67'),
(96, 'Sanjith Balachandran', '77', 'http://m.c.lnkd.licdn.com/mpr/mpr/shrink_200_200/p/2/000/0d2/1bc/338863d.jpg', 2, 'http://lk.linkedin.com/pub/sanjith-balachandran/2a/737/813'),
(97, 'Dulanga Sashika', '78', 'http://m.c.lnkd.licdn.com/mpr/mpr/shrink_200_200/p/8/000/1c3/065/002b6e5.jpg', 2, 'http://lk.linkedin.com/in/wadsashika'),
(98, 'Damith Senanayake', '79', 'http://m.c.lnkd.licdn.com/mpr/mpr/shrink_200_200/p/7/000/28f/129/2f6f83e.jpg', 2, 'http://lk.linkedin.com/pub/damith-senanayake/38/975/468'),
(99, 'Hashini Senaratne', '80', 'http://m.c.lnkd.licdn.com/media/p/1/000/19e/3c8/10827d4.jpg', 2, 'http://lk.linkedin.com/in/hashinisenaratne'),
(100, 'Maduranga Siriwardena', '81', 'http://m.c.lnkd.licdn.com/mpr/mpr/shrink_200_200/p/7/000/1ce/069/0036e52.jpg', 2, 'http://lk.linkedin.com/in/madurangasiriwardena'),
(101, 'Channa Gayan', '82', 'http://m.c.lnkd.licdn.com/mpr/mpr/shrink_200_200/p/8/005/066/29d/0ea6b4b.jpg', 2, 'http://lk.linkedin.com/in/channagayan'),
(102, 'Thamayanthy Sripalan', '83', 'http://m.c.lnkd.licdn.com/mpr/mpr/shrink_200_200/p/8/005/04a/1f6/311c46e.jpg', 2, 'http://lk.linkedin.com/pub/thamayanthy-sripalan/50/390/458'),
(103, 'Isuri Subasinghe', '84', 'http://m.c.lnkd.licdn.com/mpr/mpr/shrink_200_200/p/5/005/012/1c8/269bfd2.jpg', 2, 'http://lk.linkedin.com/pub/isuri-subasinghe/7b/3a3/156'),
(104, 'Dinithi Sumanaweera', '85', '', 2, 'http://lk.linkedin.com/in/dinithisumanaweera'),
(105, 'Kandasamy Sureshkumar', '86', 'http://m.c.lnkd.licdn.com/mpr/mpr/shrink_200_200/p/1/000/1d7/3f9/3a03ef3.jpg', 2, 'http://lk.linkedin.com/pub/kandasamy-sureshkumar/57/95b/46b'),
(106, 'Geeth Tharanga', '87', 'http://m.c.lnkd.licdn.com/mpr/mpr/shrink_200_200/p/7/005/00c/01f/02e5155.jpg', 2, 'http://lk.linkedin.com/pub/geeth-tharanga/44/393/25b'),
(107, 'Nipuna Udara', '88', 'http://m.c.lnkd.licdn.com/media/p/7/000/1cb/18a/0fdaaa2.jpg', 2, 'http://lk.linkedin.com/pub/nipun-udara/46/216/724'),
(108, 'DImuthu Upeksha', '89', 'http://m.c.lnkd.licdn.com/mpr/mpr/shrink_200_200/p/4/000/186/385/3a14532.jpg', 2, 'http://lk.linkedin.com/pub/dimuthu-upeksha/55/913/654'),
(109, 'Thanuja Uruththirakodeeswaran', '90', '', 2, 'http://lk.linkedin.com/pub/thanuja-uruththirakodeeswaran/53/9b4/7a2'),
(110, 'Yasura Vithana', '91', 'http://m.c.lnkd.licdn.com/mpr/mpr/shrink_200_200/p/2/000/1c3/21b/1d34c65.jpg', 2, 'http://lk.linkedin.com/in/yasuravithana'),
(111, 'Sashrika Waidyarathna', '92', 'http://m.c.lnkd.licdn.com/mpr/mpr/shrink_200_200/p/1/000/0d9/021/3001791.jpg', 2, 'http://lk.linkedin.com/pub/sashrika-waidyarathna/37/b31/9a5'),
(112, 'Lasitha Weerasinghe', '93', 'http://m.c.lnkd.licdn.com/mpr/mpr/shrink_200_200/p/8/000/285/0c2/3ac2987.jpg', 2, 'http://lk.linkedin.com/pub/lasitha-weerasinghe/31/37b/75b'),
(113, 'Ujitha Iroshan', '94', 'http://m.c.lnkd.licdn.com/mpr/mpr/shrink_200_200/p/7/000/1ca/165/2ef47ef.jpg', 2, 'http://lk.linkedin.com/pub/ujitha-iroshan/36/907/4b'),
(114, 'Chamila Wijayarathna', '95', 'http://m.c.lnkd.licdn.com/mpr/mpr/shrink_200_200/p/1/000/2cc/1fb/330511a.jpg', 2, 'http://lk.linkedin.com/pub/chamila-wijayarathna/44/81/116'),
(115, 'Sameera Nilupul', '96', 'http://m.c.lnkd.licdn.com/mpr/mpr/shrink_200_200/p/6/005/057/3b9/14fa1e1.jpg', 2, 'http://lk.linkedin.com/pub/sameera-nilupul/45/585/a15'),
(116, 'Chameera Wijebandara', '97', 'http://m.c.lnkd.licdn.com/mpr/mpr/shrink_200_200/p/5/000/1dc/34c/1f19c29.jpg', 2, 'http://lk.linkedin.com/pub/chameera-wijebandara/56/b81/318'),
(117, 'Diunuge Buddhika Wijesinghe', '98', 'http://m.c.lnkd.licdn.com/mpr/mpr/shrink_200_200/p/8/000/2b9/369/13449d2.jpg', 2, 'http://lk.linkedin.com/in/diunuge'),
(118, 'Isuru Wijesinghe', '99', 'http://m.c.lnkd.licdn.com/mpr/mpr/shrink_200_200/p/6/005/012/164/11c95ee.jpg', 2, 'http://lk.linkedin.com/pub/isuru-wijesinghe/44/385/641'),
(119, 'Tharindu Wijewardane', '100', 'http://m.c.lnkd.licdn.com/media/p/5/000/223/231/3a4155d.jpg', 2, 'http://lk.linkedin.com/pub/tharindu-wijewardane/68/425/134'),
(120, 'Maheshakya Wijewardena', '101', 'http://m.c.lnkd.licdn.com/mpr/mpr/shrink_200_200/p/6/000/1e3/38d/0fe4cc0.jpg', 2, 'http://lk.linkedin.com/pub/maheshakya-wijewardena/35/531/189'),
(121, 'Helani Madurasinghe', '102', 'http://m.c.lnkd.licdn.com/mpr/mpr/shrink_200_200/p/3/005/031/2e5/3eb8685.jpg', 2, 'http://lk.linkedin.com/pub/helani-madurasinghe/87/b38/a86'),
(122, 'Dimithri Abeygunawardane', '103', '', 2, 'http://lk.linkedin.com/pub/dimithri-abeygunawardane/65/a42/828'),
(123, 'Anushka Abeyrathna', '104', 'http://m.c.lnkd.licdn.com/mpr/mpr/shrink_200_200/p/7/005/048/0fa/20becad.jpg', 2, 'http://lk.linkedin.com/in/abeyrathna'),
(124, 'Farasath Ahamed', '105', 'http://m.c.lnkd.licdn.com/mpr/mpr/shrink_200_200/p/1/005/00d/2c8/2db031a.jpg', 2, 'http://lk.linkedin.com/in/farazath'),
(125, 'Nazick Ahamed', '106', 'http://m.c.lnkd.licdn.com/media/p/7/005/05d/294/0688103.jpg', 2, 'http://lk.linkedin.com/pub/nazick-ahamed/75/305/487'),
(126, 'Dewmal Anicitus', '107', 'http://m.c.lnkd.licdn.com/mpr/mpr/shrink_200_200/p/7/000/295/241/1f46f41.jpg', 2, 'http://lk.linkedin.com/pub/dewmal-anicitus/75/309/911'),
(127, 'Charith Arumapperuma', '108', 'http://m.c.lnkd.licdn.com/mpr/mpr/shrink_200_200/p/5/005/030/00d/2a16948.jpg', 2, 'http://lk.linkedin.com/in/charitharumapperuma'),
(128, 'Aarthika Arunthavanathan', '109', 'http://m.c.lnkd.licdn.com/mpr/mpr/shrink_200_200/p/8/005/045/3b4/198b356.jpg', 2, 'http://lk.linkedin.com/pub/aarthika-arunthavanathan/4a/45/86a'),
(129, 'Janaka Bandara', '110', 'http://m.c.lnkd.licdn.com/media/p/6/005/009/007/36cfce0.jpg', 2, 'http://lk.linkedin.com/pub/janaka-bandara/5a/900/a94'),
(130, 'Bhathiya Supun', '111', 'http://m.c.lnkd.licdn.com/mpr/mpr/shrink_200_200/p/7/005/048/013/1e93056.jpg', 2, 'http://lk.linkedin.com/pub/bhathiya-supun/25/7a6/240'),
(131, 'Brunthavan Murugaiah', '112', 'http://m.c.lnkd.licdn.com/mpr/mpr/shrink_200_200/p/5/005/03a/12d/39176b3.jpg', 2, 'http://lk.linkedin.com/pub/brunthavan-murugaiah/71/a67/73'),
(132, 'Isuru Chamara', '113', 'http://m.c.lnkd.licdn.com/mpr/mpr/shrink_200_200/p/6/000/2b3/061/1806578.jpg', 2, 'http://lk.linkedin.com/pub/isuru-chamara/5b/965/65'),
(133, 'Chamil Chandrathilake', '114', 'http://m.c.lnkd.licdn.com/mpr/mpr/shrink_200_200/p/8/005/033/1de/16ca6e9.jpg', 2, 'http://lk.linkedin.com/pub/chamil-chandrathilake/53/8a0/227'),
(134, 'Chanaka Sampath', '115', 'http://m.c.lnkd.licdn.com/mpr/mpr/shrink_200_200/p/7/005/045/393/1ac7742.jpg', 2, 'http://lk.linkedin.com/pub/chanaka-sampath/65/221/102'),
(135, 'Madhawi De Mel', '116', 'http://m.c.lnkd.licdn.com/mpr/mpr/shrink_200_200/p/2/000/2ae/090/0f573e6.jpg', 2, 'http://lk.linkedin.com/pub/madhawi-de-mel/57/451/897'),
(136, 'Yasima Kankanamge', '117', 'http://m.c.lnkd.licdn.com/mpr/mpr/shrink_200_200/p/6/005/013/184/163f002.jpg', 2, 'http://lk.linkedin.com/pub/yasima-kankanamge/52/575/11a'),
(137, 'Buddhika Dilhan', '118', 'http://m.c.lnkd.licdn.com/mpr/mpr/shrink_200_200/p/5/005/02f/06c/1ea6523.jpg', 2, 'http://lk.linkedin.com/pub/buddhika-dilhan/57/9bb/3b2'),
(138, 'Raveen Dharmasena', '119', 'http://m.c.lnkd.licdn.com/media/p/5/005/00d/137/07ef685.jpg', 2, 'http://lk.linkedin.com/in/shiluka'),
(139, 'Dilhasha Nazeer', '120', 'http://m.c.lnkd.licdn.com/mpr/mpr/shrink_200_200/p/7/005/045/342/3a8fee8.jpg', 2, 'http://lk.linkedin.com/in/dilhasha'),
(140, 'Vipula Sandaruwan Dissanayake', '121', 'http://m.c.lnkd.licdn.com/mpr/mpr/shrink_200_200/p/6/005/069/28a/130c973.jpg', 2, 'http://lk.linkedin.com/in/vipuladissanayake'),
(141, 'Pubudu Dodangoda', '122', 'http://m.c.lnkd.licdn.com/media/p/3/000/1e7/2cc/30024a9.jpg', 2, 'http://lk.linkedin.com/pub/pubudu-dodangoda/63/349/19'),
(142, 'Dulanga Chamith', '123', 'http://m.c.lnkd.licdn.com/mpr/mpr/shrink_200_200/p/5/000/253/3d7/309c529.jpg', 2, 'http://lk.linkedin.com/pub/dulanga-chamith/70/417/12b'),
(143, 'Danula Eranjith', '124', 'http://m.c.lnkd.licdn.com/mpr/mpr/shrink_200_200/p/7/005/069/187/22b80a9.jpg', 2, 'http://lk.linkedin.com/in/danula'),
(144, 'Kasun Fernando', '125', 'http://m.c.lnkd.licdn.com/mpr/mpr/shrink_200_200/p/8/000/24b/183/3426610.jpg', 2, 'http://lk.linkedin.com/pub/kasun-fernando/6b/928/227'),
(145, 'Isuru Fernando', '126', 'http://m.c.lnkd.licdn.com/mpr/mpr/shrink_200_200/p/5/005/02d/0f0/10331a7.jpg', 2, 'http://lk.linkedin.com/in/idfernando'),
(146, 'Amila Fernando', '127', 'http://m.c.lnkd.licdn.com/mpr/mpr/shrink_200_200/p/6/000/2b3/14e/0798913.jpg', 2, 'http://lk.linkedin.com/pub/amila-fernando/63/7b5/1a0'),
(147, 'Kulakshi Fernando', '128', '', 2, 'http://lk.linkedin.com/pub/kulakshi-fernando/4a/8b8/910'),
(148, 'Sachintha Gamlath', '129', 'http://m.c.lnkd.licdn.com/mpr/mpr/shrink_200_200/p/5/000/2cc/0da/2bb999e.jpg', 2, 'http://lk.linkedin.com/pub/sachintha-gamlath/55/3ba/96a'),
(149, 'Gobinath Loganathan', '130', 'http://m.c.lnkd.licdn.com/mpr/mpr/shrink_200_200/p/7/005/04b/2ff/0e6ea3a.jpg', 2, 'http://lk.linkedin.com/in/gobinathl'),
(150, 'Rakshitha Godahewa', '131', 'http://m.c.lnkd.licdn.com/mpr/mpr/shrink_200_200/p/7/000/29c/393/32ceb11.jpg', 2, 'http://lk.linkedin.com/pub/rakshitha-godahewa/36/872/35'),
(151, 'Sameera Gunarathne', '132', 'http://m.c.lnkd.licdn.com/mpr/mpr/shrink_200_200/p/8/005/058/17c/26cb8a8.jpg', 2, 'http://lk.linkedin.com/pub/sameera-gunarathne/95/7a1/618'),
(152, 'Isuru Herath', '133', 'http://m.c.lnkd.licdn.com/mpr/mpr/shrink_200_200/p/8/000/29d/277/19f9939.jpg', 2, 'http://lk.linkedin.com/in/isuruherath1'),
(153, 'Sachini Herath', '134', 'http://m.c.lnkd.licdn.com/media/p/2/000/291/1f2/3815eee.jpg', 2, 'http://lk.linkedin.com/pub/sachini-herath/75/389/a50'),
(154, 'Hansi Hettiarachchi', '135', '', 2, 'http://lk.linkedin.com/pub/hansi-hettiarachchi/8a/19a/570'),
(155, 'Bhagya Hettige', '136', '', 2, 'http://lk.linkedin.com/pub/bhagya-hettige/77/770/602'),
(156, 'Rajith Gun Hewage', '137', 'http://m.c.lnkd.licdn.com/mpr/mpr/shrink_200_200/p/8/005/02d/0d8/0f923f4.jpg', 2, 'http://lk.linkedin.com/in/rajithgh'),
(157, 'Hansika Hewamalage', '138', 'http://m.c.lnkd.licdn.com/mpr/mpr/shrink_200_200/p/7/005/06a/3e4/0ad4b55.jpg', 2, 'http://lk.linkedin.com/pub/hansika-hewamalage/75/ba/bb'),
(158, 'Tharindu Hewawitharana', '139', 'http://m.c.lnkd.licdn.com/mpr/mpr/shrink_200_200/p/8/005/045/366/16b1016.jpg', 2, 'http://lk.linkedin.com/in/thasanhe'),
(159, 'Tharushi Samarasinghe', '140', '', 2, 'http://lk.linkedin.com/pub/tharushi-samarasinghe/53/13a/247'),
(160, 'Dileep Jayamal', '141', 'http://m.c.lnkd.licdn.com/mpr/mpr/shrink_200_200/p/5/005/038/296/0804868.jpg', 2, 'http://lk.linkedin.com/pub/dileep-jayamal/75/858/9b8'),
(161, 'Upekshe Jayasekera', '142', 'http://m.c.lnkd.licdn.com/media/p/5/000/2a0/205/0713fe0.jpg', 2, 'http://lk.linkedin.com/pub/upekshe-jayasekera/62/a23/133'),
(162, 'Ruveni Jayawardana', '143', 'http://m.c.lnkd.licdn.com/mpr/mpr/shrink_200_200/p/2/000/294/04b/288aace.jpg', 2, 'http://lk.linkedin.com/pub/ruveni-jayawardana/4b/5b6/756'),
(163, 'Jeya Tharshini', '144', 'http://m.c.lnkd.licdn.com/mpr/mpr/shrink_200_200/p/5/000/2bb/15b/1842b7f.jpg', 2, 'http://lk.linkedin.com/pub/jeya-tharshini/37/5b6/67a'),
(164, 'Dumindu Buddhika', '145', '', 2, 'http://lk.linkedin.com/pub/dumindu-buddhika/5b/aa3/167'),
(165, 'Nuran Rangika Kasthuri Arachchi', '146', 'http://m.c.lnkd.licdn.com/mpr/mpr/shrink_200_200/p/8/005/055/3a4/39ffd75.jpg', 2, 'http://lk.linkedin.com/in/nurangika'),
(166, 'Dulitha Kularathne', '147', 'http://m.c.lnkd.licdn.com/mpr/mpr/shrink_200_200/p/7/000/1c8/299/11a6930.jpg', 2, 'http://lk.linkedin.com/pub/dulitha-kularathne/60/498/4a7'),
(167, 'Hiran Chathura Kulasekara', '148', 'http://m.c.lnkd.licdn.com/mpr/mpr/shrink_200_200/p/5/005/03a/054/2e3381c.jpg', 2, 'http://lk.linkedin.com/pub/hiran-chathura-kulasekara/8a/19b/33b'),
(169, 'Tharindu Nishada', '149', 'http://m.c.lnkd.licdn.com/mpr/mpr/shrink_200_200/p/7/005/031/233/349f522.jpg', 2, 'http://lk.linkedin.com/in/nishada'),
(170, 'Thilina Madumal', '150', 'http://m.c.lnkd.licdn.com/media/p/7/000/1b1/2bc/270068b.jpg', 2, 'http://lk.linkedin.com/pub/thilina-madumal/59/914/763'),
(171, 'Danushka Madusanka', '151', 'http://m.c.lnkd.licdn.com/media/p/6/005/008/014/1e52dd5.jpg', 2, 'http://lk.linkedin.com/pub/danushka-madusanka/56/58a/7ab'),
(172, 'Shan Mahanama', '152', '', 2, 'http://lk.linkedin.com/pub/shan-mahanama/77/2a2/741'),
(173, 'Malaka GL', '153', 'http://m.c.lnkd.licdn.com/mpr/mpr/shrink_200_200/p/6/005/045/35b/05dc28b.jpg', 2, 'http://lk.linkedin.com/in/malakagl'),
(174, 'Dulsara Manupriyal', '154', 'http://m.c.lnkd.licdn.com/media/p/7/000/1c3/1e7/188d659.jpg', 2, 'http://lk.linkedin.com/pub/dulsara-manupriyal/5b/aa1/4aa'),
(175, 'Kaveendra Gayan Mettananda', '155', 'http://m.c.lnkd.licdn.com/media/p/8/005/038/29a/1fc14c5.jpg', 2, 'http://lk.linkedin.com/pub/kaveendra-gayan-mettananda/55/55/bba'),
(176, 'Mokanarangan Thayaparan', '156', '', 2, 'http://lk.linkedin.com/pub/mokanarangan-thayaparan/75/704/853'),
(177, 'Vidura Mudalige', '157', 'http://m.c.lnkd.licdn.com/mpr/mpr/shrink_200_200/p/3/005/013/3e9/1a9ec46.jpg', 2, 'http://lk.linkedin.com/pub/vidura-mudalige/76/54/969'),
(178, 'Tharindu Munasinghe', '158', 'http://m.c.lnkd.licdn.com/mpr/mpr/shrink_200_200/p/7/000/295/3f5/3c8e1a2.jpg', 2, 'http://lk.linkedin.com/in/tharindumunasinghe'),
(179, 'Nuwan Prabhath', '159', 'http://m.c.lnkd.licdn.com/mpr/mpr/shrink_200_200/p/8/005/068/389/04c60a0.jpg', 2, 'http://lk.linkedin.com/pub/nuwan-prabhath/62/40b/ba3'),
(180, 'Sameera Nandasiri', '160', 'http://m.c.lnkd.licdn.com/mpr/mpr/shrink_200_200/p/7/005/04c/044/261108e.jpg', 2, 'http://lk.linkedin.com/pub/sameera-nandasiri/25/628/908'),
(181, 'Shehan Madusanka', '161', 'http://m.c.lnkd.licdn.com/mpr/mpr/shrink_200_200/p/6/000/293/241/0105cc2.jpg', 2, 'http://lk.linkedin.com/pub/shehan-madusanka/63/95/528'),
(182, 'Nilusija Nadarasamoorthy', '163', 'http://m.c.lnkd.licdn.com/mpr/mpr/shrink_200_200/p/1/000/1a3/300/19ad922.jpg', 2, 'http://lk.linkedin.com/pub/nilusija-nadarasamoorthy/4a/22a/299'),
(183, 'Nirosh Jayaratnam', '164', 'http://m.c.lnkd.licdn.com/mpr/mpr/shrink_200_200/p/1/000/295/1f1/025eaa0.jpg', 2, 'http://lk.linkedin.com/pub/nirosh-jayaratnam/75/2b/314'),
(184, 'Nisala Niroshana Nanayakkara', '165', '', 2, 'http://lk.linkedin.com/in/nisalaniroshana'),
(185, 'Rathakrishnan Nirushan', '166', '', 2, 'http://lk.linkedin.com/pub/rathakrishnan-nirushan/91/203/162'),
(186, 'Sabra Ossen', '167', 'http://m.c.lnkd.licdn.com/mpr/mpr/shrink_200_200/p/6/005/045/3b9/1beb3ef.jpg', 2, 'http://lk.linkedin.com/in/sabraossen'),
(187, 'Ruba Panchendrarajan', '168', 'http://m.c.lnkd.licdn.com/mpr/mpr/shrink_200_200/p/8/000/1e8/39b/308a7e0.jpg', 2, 'http://lk.linkedin.com/pub/ruba-panchendrarajan/57/759/2b4'),
(188, 'Sivakumar Prakhash', '169', 'http://m.c.lnkd.licdn.com/mpr/mpr/shrink_200_200/p/3/000/295/27a/0dadc69.jpg', 2, 'http://lk.linkedin.com/pub/sivakumar-prakhash/66/a42/1b8'),
(189, 'Pranavan Theivendiram', '170', 'http://m.c.lnkd.licdn.com/mpr/mpr/shrink_200_200/p/1/005/041/26b/2f91a6f.jpg', 2, 'http://lk.linkedin.com/in/pranavant'),
(190, 'Chathuranga Rajapaksha', '171', 'http://m.c.lnkd.licdn.com/mpr/mpr/shrink_200_200/p/6/005/02e/3c7/3964820.jpg', 2, 'http://lk.linkedin.com/in/chathurangarajapaksha'),
(191, 'Sanka Rasnayaka', '172', 'http://m.c.lnkd.licdn.com/mpr/mpr/shrink_200_200/p/7/005/041/0f2/01e77d3.jpg', 2, 'http://lk.linkedin.com/in/sankarasnayaka'),
(192, 'Achintha Reemal', '173', 'http://m.c.lnkd.licdn.com/mpr/mpr/shrink_200_200/p/7/005/045/35c/2f55d5b.jpg', 2, 'http://lk.linkedin.com/in/achinthareemal'),
(193, 'Rajind Ruparathna', '174', 'http://m.c.lnkd.licdn.com/mpr/mpr/shrink_200_200/p/6/005/02f/077/172e341.jpg', 2, 'http://lk.linkedin.com/in/rajind'),
(194, 'Shenal Senarath', '175', 'https://media.licdn.com/mpr/mpr/shrink_200_200/p/2/000/205/2d5/0594009.jpg', 2, 'http://lk.linkedin.com/in/shenalsenarath'),
(195, 'Sachith Seneviratne', '176', 'http://m.c.lnkd.licdn.com/media/p/7/005/038/1b5/3a0fc71.jpg', 2, 'http://lk.linkedin.com/pub/sachith-seneviratne/57/6a9/b8'),
(196, 'Ridwan Shariffdeen', '177', 'http://m.c.lnkd.licdn.com/mpr/mpr/shrink_200_200/p/7/005/062/015/1f1c324.jpg', 2, 'http://lk.linkedin.com/in/rshariffdeen'),
(197, 'Sirojan Tharmakulasingam', '178', '', 2, 'http://lk.linkedin.com/pub/sirojan-tharmakulasingam/89/861/760'),
(198, 'Shobiga Shanmugathasan', '179', '', 2, 'http://lk.linkedin.com/pub/shobiga-shanmugathasan/8a/183/371'),
(199, 'Madawa Soysa', '180', 'http://m.c.lnkd.licdn.com/mpr/mpr/shrink_200_200/p/7/000/1ab/3be/2309e73.jpg', 2, 'http://lk.linkedin.com/in/madawasoysa'),
(200, 'Srishiyamalan Ratnavel', '181', 'http://m.c.lnkd.licdn.com/media/p/6/005/069/0f3/05ff59a.jpg', 2, 'http://lk.linkedin.com/pub/srishiyamalan-ratnavel/57/750/198'),
(201, 'Sudharma Subasinghe', '182', '', 2, 'http://lk.linkedin.com/pub/sudharma-subasinghe/58/417/260'),
(202, 'Aruna Tebel', '183', '', 2, 'http://lk.linkedin.com/pub/aruna-tebel/80/267/800'),
(203, 'Megala Uthayakumar', '184', '', 2, 'http://lk.linkedin.com/pub/megala-uthayakumar/38/691/33'),
(204, 'Rajith Vidanaarachchi', '185', 'http://m.c.lnkd.licdn.com/mpr/mpr/shrink_200_200/p/5/000/290/331/2c2f56e.jpg', 2, 'http://lk.linkedin.com/in/rajithv'),
(205, 'Dulaj Viduranga', '186', '', 2, 'http://lk.linkedin.com/pub/dulaj-viduranga/62/aaa/461'),
(206, 'Thiyagarajah Vinojan', '187', '', 2, 'http://lk.linkedin.com/pub/thiyagarajah-vinojan/78/418/a19'),
(207, 'Vishnuvathsasarma Balachandrasarma', '188', 'http://m.c.lnkd.licdn.com/mpr/mpr/shrink_200_200/p/6/000/1e0/0b2/0fd568d.jpg', 2, 'http://lk.linkedin.com/in/vishnuvathsan'),
(208, 'Nuwan T. Wajirasena', '189', 'http://m.c.lnkd.licdn.com/mpr/mpr/shrink_200_200/p/7/000/243/16f/3f592c3.jpg', 2, 'http://lk.linkedin.com/in/theekshana'),
(209, 'Sujathani Warnakulasuriya', '190', '', 2, 'http://lk.linkedin.com/pub/sujathani-warnakulasuriya/89/885/a95'),
(210, 'Vimukthi Weerasiri', '191', 'http://m.c.lnkd.licdn.com/media/p/7/005/051/241/20b43ab.jpg', 2, 'http://lk.linkedin.com/in/vimukthiweerasiri'),
(211, 'Akshika Wijesundara', '192', 'http://m.c.lnkd.licdn.com/mpr/mpr/shrink_200_200/p/8/000/2cd/0bf/3be747d.jpg', 2, 'http://lk.linkedin.com/pub/akshika-wijesundara/65/a24/431'),
(212, 'Mirage Abeysekara', '193', 'http://m.c.lnkd.licdn.com/mpr/mpr/shrink_200_200/p/5/005/057/117/38d6677.jpg', 2, 'http://lk.linkedin.com/in/mirageabeysekara'),
(213, 'Sudaraka Abeywardena', '194', '', 2, 'http://lk.linkedin.com/pub/sudaraka-abeywardena/95/540/341'),
(214, 'Upekka Anuruddhi', '195', 'http://m.c.lnkd.licdn.com/mpr/mpr/shrink_200_200/p/5/005/057/026/3c4a39a.jpg', 2, 'http://lk.linkedin.com/pub/upekka-anuruddhi/90/56a/82a'),
(215, 'Dilini Mampitiya Arachchi', '196', 'http://m.c.lnkd.licdn.com/mpr/mpr/shrink_200_200/p/6/005/057/028/17e8c50.jpg', 2, 'http://lk.linkedin.com/pub/dilini-mampitiya-arachchi/95/537/a9b'),
(216, 'Yasiru Kassapa', '197', 'http://m.c.lnkd.licdn.com/mpr/mpr/shrink_200_200/p/1/000/260/3a5/0e0ad62.jpg', 2, 'http://lk.linkedin.com/pub/yasiru-kassapa/55/344/b82'),
(217, 'Daminda Balasooriya', '198', '', 2, 'http://lk.linkedin.com/in/damindabalasooriya'),
(218, 'Chinthoorie Yogalingam', '199', '', 2, 'http://lk.linkedin.com/pub/chinthoorie-yogalingam/95/53b/219'),
(219, 'Kandauda Amila De Zoysa Karunathilaka', '200', 'http://m.c.lnkd.licdn.com/mpr/mpr/shrink_200_200/p/7/005/064/1e1/0fdd051.jpg', 2, 'http://lk.linkedin.com/pub/kandauda-amila-de-zoysa-karunathilaka/95/679/430'),
(220, 'Tharindu de Silva', '201', '', 2, 'http://lk.linkedin.com/pub/tharindu-de-silva/61/783/2a0'),
(221, 'Dilushan Delgoda', '202', 'http://m.c.lnkd.licdn.com/mpr/mpr/shrink_200_200/p/1/000/1ff/04b/396cb29.jpg', 2, 'http://lk.linkedin.com/in/dilushan'),
(222, 'Suchira Dharmawardhana', '203', '', 2, 'http://lk.linkedin.com/in/suchiradharmawardhana'),
(223, 'Yasara Dissanayake', '204', 'http://m.c.lnkd.licdn.com/mpr/mpr/shrink_200_200/p/2/000/198/0b8/16fcb27.jpg', 2, 'http://lk.linkedin.com/pub/yasara-dissanayake/57/825/a32'),
(224, 'Dinusha Dissanayake', '205', '', 2, 'http://lk.linkedin.com/in/dinushadissanayake'),
(225, 'Amitha Bandara Dissanayake', '206', 'http://m.c.lnkd.licdn.com/mpr/mpr/shrink_200_200/p/3/005/066/2ed/21e57a4.jpg', 2, 'http://lk.linkedin.com/pub/amitha-bandara-dissanayake/37/b4/27a'),
(226, 'Kasun Dissanayake', '207', 'http://m.c.lnkd.licdn.com/mpr/mpr/shrink_200_200/p/7/005/054/2c7/2afd6ba.jpg', 2, 'http://lk.linkedin.com/in/kasundissanayake'),
(227, 'Lasantha Ekanayake', '208', 'http://m.c.lnkd.licdn.com/mpr/mpr/shrink_200_200/p/7/005/047/093/0e15284.jpg', 2, 'http://lk.linkedin.com/pub/lasantha-ekanayake/91/568/261'),
(228, 'Chamil Elladeniya', '209', 'http://m.c.lnkd.licdn.com/mpr/mpr/shrink_200_200/p/7/005/057/0bb/16c6a4d.jpg', 2, 'http://lk.linkedin.com/pub/chamil-elladeniya/95/561/ba8'),
(229, 'Pubudu Fernando', '210', 'http://m.c.lnkd.licdn.com/media/p/8/005/02b/327/332ebf3.jpg', 2, 'http://lk.linkedin.com/in/pubuduf'),
(230, 'Lakmini Chathurika', '211', 'http://m.c.lnkd.licdn.com/mpr/mpr/shrink_200_200/p/5/005/04a/04a/368b8c9.jpg', 2, 'http://lk.linkedin.com/in/chathurika'),
(231, 'Minudika Malshan', '212', 'http://m.c.lnkd.licdn.com/mpr/mpr/shrink_200_200/p/7/005/045/2ae/370a288.jpg', 2, 'http://lk.linkedin.com/in/minudika'),
(232, 'Malaka Gangananda', '213', 'http://m.c.lnkd.licdn.com/mpr/mpr/shrink_200_200/p/8/005/057/1e8/3c28aa4.jpg', 2, 'http://lk.linkedin.com/pub/malaka-gangananda/95/392/30a'),
(233, 'Dilan Nuwantha', '214', 'http://m.c.lnkd.licdn.com/mpr/mpr/shrink_200_200/p/8/005/057/03a/3445efd.jpg', 2, 'http://lk.linkedin.com/in/dilannuwantha'),
(234, 'Anjana Gunasekara', '215', '', 2, 'http://lk.linkedin.com/in/anjanagunasekara'),
(235, 'Pulasthi Harasgama', '216', 'http://m.c.lnkd.licdn.com/mpr/mpr/shrink_200_200/p/6/005/04e/3b5/2a7277e.jpg', 2, 'http://lk.linkedin.com/pub/pulasthi-harasgama/5a/959/a31'),
(236, 'Thilina Hettiarachchi', '217', 'http://m.c.lnkd.licdn.com/mpr/mpr/shrink_200_200/p/6/005/04a/204/00a5215.jpg', 2, 'http://lk.linkedin.com/pub/thilina-hettiarachchi/92/3a1/b70'),
(237, 'Anusha Ihalapathirana', '218', '', 2, 'http://lk.linkedin.com/pub/anusha-ihalapathirana/91/1a6/368'),
(238, 'Nandula Jayamaha', '219', 'http://m.c.lnkd.licdn.com/mpr/mpr/shrink_200_200/p/6/005/057/12a/3caf7eb.jpg', 2, 'http://lk.linkedin.com/pub/nandula-jayamaha/43/625/647'),
(239, 'Achala Madushan', '220', 'http://m.c.lnkd.licdn.com/mpr/mpr/shrink_200_200/p/7/005/048/028/1bac087.jpg', 2, 'http://lk.linkedin.com/in/madushanachala'),
(240, 'Ishadi Jayasinghe', '221', 'http://m.c.lnkd.licdn.com/mpr/mpr/shrink_200_200/p/6/005/045/3ef/2b9016b.jpg', 2, 'http://lk.linkedin.com/pub/ishadi-jayasinghe/89/163/836'),
(241, 'Thilina Samiddhi', '222', '', 2, 'http://lk.linkedin.com/pub/thilina-samiddhi/95/5b6/78a'),
(242, 'Malith Jayaweera', '224', 'http://m.c.lnkd.licdn.com/mpr/mpr/shrink_200_200/p/5/005/057/0db/0da3cf7.jpg', 2, 'http://lk.linkedin.com/in/malithjayaweera'),
(243, 'Pasindu Jayaweera', '225', 'http://m.c.lnkd.licdn.com/mpr/mpr/shrink_200_200/p/6/005/057/200/3ff1555.jpg', 2, 'http://lk.linkedin.com/in/pasindujw'),
(244, 'Hasangi Thathsarani', '226', 'http://m.c.lnkd.licdn.com/mpr/mpr/shrink_200_200/p/8/005/045/3b8/23e0cf0.jpg', 2, 'http://lk.linkedin.com/in/hasangithathsarani'),
(245, 'Gayathri Kalani', '227', '', 2, 'http://lk.linkedin.com/in/gayathrikalani'),
(246, 'Buwaneka Kalansuriya', '228', 'http://m.c.lnkd.licdn.com/mpr/mpr/shrink_200_200/p/6/005/057/0ca/393470c.jpg', 2, 'http://lk.linkedin.com/pub/buwaneka-kalansuriya/95/563/77'),
(247, 'Tharindu Kalubowila', '229', 'http://m.c.lnkd.licdn.com/mpr/mpr/shrink_200_200/p/7/005/059/119/277d769.jpg', 2, 'http://lk.linkedin.com/pub/tharindu-kalubowila/95/561/811'),
(248, 'Dilshan Kanchana', '230', 'http://m.c.lnkd.licdn.com/mpr/mpr/shrink_200_200/p/7/005/057/240/3984d3a.jpg', 2, 'http://lk.linkedin.com/pub/dilshan-kanchana/95/5b7/b2'),
(249, 'R.D.D.T Karunathilaka', '231', 'http://m.c.lnkd.licdn.com/mpr/mpr/shrink_200_200/p/5/005/057/1ea/10dc546.jpg', 2, 'http://lk.linkedin.com/in/diliptharuka'),
(250, 'Nishadi Kirielle', '232', '', 2, 'http://lk.linkedin.com/in/nishadikirielle'),
(251, 'Kanagaratnam Kokulan', '233', 'http://m.c.lnkd.licdn.com/mpr/mpr/shrink_200_200/p/6/005/057/240/0f38231.jpg', 2, 'http://www.linkedin.com/pub/kanagaratnam-kokulan/81/130/385'),
(252, 'Samadhi Kumarasinghe', '234', '', 2, 'http://lk.linkedin.com/pub/samadhi-kumarasinghe/95/5aa/36'),
(253, 'Linganesan Mani', '235', 'http://m.c.lnkd.licdn.com/mpr/mpr/shrink_200_200/p/6/005/04b/118/1bdb220.jpg', 2, 'http://lk.linkedin.com/pub/linganesan-mani/73/724/aa5'),
(254, 'Nipuna Sankalpa', '236', 'http://m.c.lnkd.licdn.com/mpr/mpr/shrink_200_200/p/6/005/05f/27b/29ba8ec.jpg', 2, 'http://lk.linkedin.com/pub/nipuna-sankalpa/91/57/63'),
(255, 'Adiesha Liyanage', '237', 'http://m.c.lnkd.licdn.com/mpr/mpr/shrink_200_200/p/7/005/057/0d3/165649d.jpg', 2, 'http://lk.linkedin.com/in/adieshaliyanage'),
(256, 'Sasini Madhumali', '238', '', 2, 'http://lk.linkedin.com/pub/sasini-madhumali/95/581/b44'),
(257, 'Lakshitha Madhusankha', '239', '', 2, 'http://lk.linkedin.com/pub/lakshitha-madhusankha/91/3a/420'),
(258, 'Prasad Maduranga', '240', 'https://media.licdn.com/media/p/7/005/057/1f0/26a0af5.jpg', 2, 'http://lk.linkedin.com/in/prasadmaduranga'),
(259, 'Harsha Madushanka', '241', '', 2, 'http://lk.linkedin.com/pub/harsha-madushanka/95/793/678'),
(260, 'Pubudu Meththananda', '242', 'http://m.c.lnkd.licdn.com/mpr/mpr/shrink_200_200/p/8/005/064/1df/2536c2d.jpg', 2, 'http://lk.linkedin.com/pub/pubudu-meththananda/95/561/b02'),
(261, 'Safwan Mohammed', '243', 'http://m.c.lnkd.licdn.com/mpr/mpr/shrink_200_200/p/6/005/056/2f8/13dac0d.jpg', 2, 'http://lk.linkedin.com/pub/safwan-mohammed/50/a56/648'),
(262, 'Mursith Mohamed', '244', 'http://m.c.lnkd.licdn.com/mpr/mpr/shrink_200_200/p/6/005/057/191/1acd0d1.jpg', 2, 'http://lk.linkedin.com/pub/mursith-mohamed/95/53b/985'),
(263, 'Nadeeshani P', '245', '', 2, 'http://lk.linkedin.com/pub/nadeeshani-p/91/329/524'),
(264, 'Randika Navagamuwa', '246', 'http://m.c.lnkd.licdn.com/mpr/mpr/shrink_200_200/p/5/005/05c/35a/394233b.jpg', 2, 'http://lk.linkedin.com/in/rnavagamuwa'),
(265, 'Nanduni Nimalsiri', '247', 'http://m.c.lnkd.licdn.com/mpr/mpr/shrink_200_200/p/7/005/057/2b3/044c632.jpg', 2, 'http://lk.linkedin.com/pub/nanduni-nimalsiri/95/659/9b8'),
(266, 'Neethirajah Nirojan', '248', 'http://m.c.lnkd.licdn.com/mpr/mpr/shrink_200_200/p/8/005/04d/245/1557ec0.jpg', 2, 'http://lk.linkedin.com/pub/neethirajah-nirojan/75/857/568'),
(267, 'Dinindu Nissanka', '249', '', 2, 'http://lk.linkedin.com/in/dinindunissanka'),
(268, 'Samitha Palihawadana', '250', 'http://m.c.lnkd.licdn.com/mpr/mpr/shrink_200_200/p/8/005/057/0d6/18bdf4e.jpg', 2, 'http://lk.linkedin.com/in/samithapalihawadana'),
(269, 'Naduni Pamudika', '251', 'http://m.c.lnkd.licdn.com/mpr/mpr/shrink_200_200/p/8/005/047/385/371c674.jpg', 2, 'http://lk.linkedin.com/pub/naduni-pamudika/91/63/b61'),
(270, 'Sachithra Pathiraja', '252', '', 2, 'http://lk.linkedin.com/pub/sachithra-pathiraja/95/654/4b4'),
(271, 'Dulaj Rajitha', '253', 'http://m.c.lnkd.licdn.com/mpr/mpr/shrink_200_200/p/8/005/058/0ea/2fab788.jpg', 2, 'http://lk.linkedin.com/in/dulajrajitha'),
(272, 'Thilini Perera', '254', 'http://m.c.lnkd.licdn.com/media/p/7/005/057/0b4/1514c41.jpg', 2, 'http://http://m.c.lnkd.licdn.com/media/p/7/005/057/0b4/1514c41.jpg'),
(273, 'Pravinda Perera', '255', 'http://m.c.lnkd.licdn.com/mpr/mpr/shrink_200_200/p/7/005/057/028/2ed97ce.jpg', 2, 'http://lk.linkedin.com/pub/pravinda-perera/91/448/95'),
(274, 'K.R.V. Perera', '256', 'http://m.c.lnkd.licdn.com/media/p/8/005/035/0dc/0881ea9.jpg', 2, 'http://lk.linkedin.com/in/krvperera'),
(275, 'Chamil Prabodha', '257', 'https://media.licdn.com/mpr/mpr/shrink_200_200/p/7/005/04a/071/0865f72.jpg', 2, 'http://lk.linkedin.com/in/chamilprabodha'),
(276, 'Nipuna Prashan', '258', 'http://m.c.lnkd.licdn.com/mpr/mpr/shrink_200_200/p/6/005/045/345/0783770.jpg', 2, 'http://lk.linkedin.com/pub/nipuna-prashan/91/55/84a'),
(277, 'Asela Priyadarshana', '259', '', 2, 'http://lk.linkedin.com/in/aselapriyadarshana'),
(278, 'Niveathika Rajendran', '260', '', 2, 'http://lk.linkedin.com/in/niveathika'),
(279, 'Lochana Ranaweera', '261', 'http://m.c.lnkd.licdn.com/media/p/7/005/04b/309/0eea7d2.jpg', 2, 'http://lk.linkedin.com/pub/lochana-ranaweera/88/445/4b0'),
(280, 'Hasintha Randika', '262', 'http://m.c.lnkd.licdn.com/mpr/mpr/shrink_200_200/p/8/005/045/291/1aaf5e7.jpg', 2, 'http://lk.linkedin.com/in/hasintha'),
(281, 'Riyafa Abdul Hameed', '263', '', 2, 'http://lk.linkedin.com/pub/riyafa-abdul-hameed/84/7a8/a20'),
(282, 'Mohamed Jawadh Salih Rifath', '264', '', 2, 'http://lk.linkedin.com/in/mohamedjawadhsalihrifath'),
(283, 'Heshani Samarasekara', '265', '', 2, 'http://lk.linkedin.com/in/heshanisamarasekara'),
(284, 'Namesh Sanjitha', '266', '', 2, 'http://lk.linkedin.com/pub/namesh-sanjitha/95/786/284'),
(285, 'Anutharsha Selvarasa', '267', 'http://m.c.lnkd.licdn.com/mpr/mpr/shrink_200_200/p/8/005/059/361/0404452.jpg', 2, 'http://lk.linkedin.com/pub/anutharsha-selvarasa/91/261/b1a'),
(286, 'Udeesha Shehan', '268', '', 2, 'http://lk.linkedin.com/pub/udeesha-shehan/91/65/866'),
(287, 'Menaka Sirisena', '269', 'http://m.c.lnkd.licdn.com/media/p/5/000/1b1/035/338f2e2.jpg', 2, 'http://lk.linkedin.com/pub/menaka-sirisena/3a/121/b1b'),
(288, 'Harsha Sandamal Siriwardana', '270', 'http://m.c.lnkd.licdn.com/media/p/5/005/057/3ed/2e8cff6.jpg', 2, 'http://lk.linkedin.com/in/harshasiriwardana'),
(289, 'Chathura Siriwardhana', '271', '', 2, 'http://lk.linkedin.com/in/ccmsiriwardhana'),
(290, 'Dilan Tharaka', '272', 'http://m.c.lnkd.licdn.com/mpr/mpr/shrink_200_200/p/8/005/046/1ad/3980af5.jpg', 2, 'http://lk.linkedin.com/in/dilantharaka'),
(291, 'Ivan Udakara', '273', 'http://m.c.lnkd.licdn.com/mpr/mpr/shrink_200_200/p/8/005/046/35d/37883a5.jpg', 2, 'http://lk.linkedin.com/pub/ivan-udakara/91/446/278'),
(292, 'Ruchindra Vithanage', '274', 'http://m.c.lnkd.licdn.com/mpr/mpr/shrink_200_200/p/2/000/22a/17d/18be1c6.jpg', 2, 'http://lk.linkedin.com/pub/ruchindra-vithanage/68/b3a/533'),
(293, 'Vithulan MV', '275', 'http://m.c.lnkd.licdn.com/mpr/mpr/shrink_200_200/p/6/005/057/02d/3682e41.jpg', 2, 'http://lk.linkedin.com/in/vithulamv'),
(294, 'Anuradha Welivita', '276', 'http://m.c.lnkd.licdn.com/mpr/mpr/shrink_200_200/p/4/005/04e/146/305df22.jpg', 2, 'http://lk.linkedin.com/in/anuradhawelivita'),
(295, 'Thanuditha Ruchiranga', '277', 'http://m.c.lnkd.licdn.com/mpr/mpr/shrink_200_200/p/7/005/044/047/3508465.jpg', 2, 'http://lk.linkedin.com/in/ruchirangawickramasinghe'),
(296, 'Theekshana Wijesinghe', '278', 'http://m.c.lnkd.licdn.com/mpr/mpr/shrink_200_200/p/7/005/04b/3cc/3a37f33.jpg', 2, 'http://lk.linkedin.com/pub/theekshana-wijesinghe/91/569/6a1'),
(297, 'Indika Wijesooriya', '279', 'http://m.c.lnkd.licdn.com/mpr/mpr/shrink_200_200/p/5/005/057/1ef/308391c.jpg', 2, 'http://lk.linkedin.com/pub/indika-wijesooriya/47/bb2/201'),
(298, 'Damith Wijewardana', '280', 'http://m.c.lnkd.licdn.com/mpr/mpr/shrink_200_200/p/5/005/057/03e/14dac98.jpg', 2, 'http://lk.linkedin.com/in/damithwijewardana'),
(299, 'Thamali Wijewardhana', '281', '', 2, 'http://lk.linkedin.com/pub/thamali-wijewardhana/95/651/5a5'),
(300, 'Sathya Bandara', '282', '', 2, 'http://lk.linkedin.com/pub/sathya-bandara/95/581/6b1');

--
-- Dumping data for table `endorsements`
--

INSERT INTO `endorsements` (`id`, `technology_id`, `student_id`, `count`) VALUES
(199, 24, 1, 1),
(200, 25, 1, 1),
(201, 26, 1, 1),
(202, 27, 1, 1),
(203, 28, 1, 1),
(204, 29, 1, 1),
(205, 30, 1, 1),
(206, 31, 1, 1),
(207, 32, 1, 1),
(208, 33, 1, 1),
(209, 34, 1, 1),
(210, 35, 1, 1),
(211, 36, 1, 1),
(212, 37, 1, 1),
(213, 38, 1, 1),
(214, 39, 1, 1),
(215, 40, 1, 1),
(216, 41, 1, 1),
(217, 42, 1, 1),
(218, 43, 1, 1),
(219, 44, 1, 1),
(220, 45, 1, 1),
(221, 24, 1, 1),
(222, 25, 1, 1),
(223, 26, 1, 1),
(224, 27, 1, 1),
(225, 28, 1, 1),
(226, 29, 1, 1),
(227, 30, 1, 1),
(228, 31, 1, 1),
(229, 32, 1, 1),
(230, 33, 1, 1),
(231, 34, 1, 1),
(232, 35, 1, 1),
(233, 36, 1, 1),
(234, 37, 1, 1),
(235, 38, 1, 1),
(236, 39, 1, 1),
(237, 40, 1, 1),
(238, 41, 1, 1),
(239, 42, 1, 1),
(240, 43, 1, 1),
(241, 44, 1, 1),
(242, 45, 1, 1);


INSERT INTO `technologies` (`id`, `name`) VALUES
(24, 'Software Development'),
(25, 'Team Leadership'),
(26, 'Systems Engineering'),
(27, 'Java'),
(28, 'JavaScript'),
(29, 'jQuery'),
(30, 'C++ Language'),
(31, 'Web Applications'),
(32, 'ASP.NET'),
(33, 'ASP.NET MVC'),
(34, 'C++'),
(35, 'C'),
(36, 'Software Engineering'),
(37, 'Eclipse'),
(38, 'Programming'),
(39, 'NetBeans'),
(40, 'MySQL'),
(41, 'SQL'),
(42, 'OOP'),
(43, 'C#'),
(44, 'JSP'),
(45, 'Android Development');

INSERT INTO `events` (`id`, `title`, `description`, `date`, `date_confirmed`, `time`, `venue`, `url`) VALUES
(1, 'Welcome & Inauguration', 'The new batch entering CSE is welcomed to the department by the senior batch. The staff is introduced and the honor code pledge is taken. There is a guest speaker who address the new coming batch at the event.', '2014-07-22', 0, '13:00:00', 'CSE Seminar Room', 'https://www.facebook.com/ComputerScienceAndEngineeringSociety'),
(2, 'Outboundz Event', 'The outboundz event serves as a platform for the fresh batch of 125 undergraduates to socialize with the rest of the CSE and is a much awaited event in the CSE calendar. Here they are introduced into the CSE family of academic staff, alumni, undergraduates and the industry personnel and will take part in team building events.', '2014-12-19', 1, '15:00:00', 'UoM Grounds', 'https://www.facebook.com/ComputerScienceAndEngineeringSociety'),
(3, 'Hit the Grounds', 'CSE hosts its annual cricket tournament "Hit the Grounds". About 25 industry teams along with about 8 undergraduate teams fought out for the trophy last year.', '2014-06-21', 0, '09:00:00', 'UoM Grounds', 'https://www.facebook.com/ComputerScienceAndEngineeringSociety'),
(4, 'Drama Fest', '10 dramas of William Shakespeare were acted by students.And awards were give to the winners of each catogary', '2014-12-04', 1, '17:00:00', 'Civil Auditorium', 'https://www.facebook.com/ComputerScienceAndEngineeringSociety'),
(5, 'Worm Games', 'Worm robot racing competition organized as a part of CS1962.', '2014-01-21', 1, '18:00:00', 'CSE Seminar Room', 'https://www.facebook.com/ComputerScienceAndEngineeringSociety'),
(6, 'MoFA', 'Mora Film Awards, held with the participation of notable figures in the film industry, in order to award the best production award to the documentaries produced as part of DE2370', '2014-10-03', 1, '18:00:00', 'Civil Auditorium', 'https://www.facebook.com/ComputerScienceAndEngineeringSociety'),
(7, 'Elegance', 'A dining etiquette workshop organized under "CS2963 - Presentation Skills"', '2014-04-23', 1, '15:00:00', 'Galadari Hotel, Colombo', 'https://www.facebook.com/ComputerScienceAndEngineeringSociety'),
(8, 'Expressions', 'Series of talent shows held by participants to mark the culmination of all material covered in "CS2963 - Presentation Skills"', '2014-09-19', 0, '12:00:00', 'CSE Seminar Room', 'https://www.facebook.com/ComputerScienceAndEngineeringSociety'),
(9, 'CSE Symposium', NULL, '2014-07-30', 0, '08:00:00', 'CSE Seminar Room', 'https://www.facebook.com/ComputerScienceAndEngineeringSociety'),
(10, 'CS&ES Conference', NULL, '2014-12-20', 0, '11:00:00', 'Park Street Mews', 'https://www.facebook.com/ComputerScienceAndEngineeringSociety'),
(11, 'CS&ES Achiever Awards', 'Main event of the year conducted alongside with the AGM.', '2014-08-04', 0, '08:00:00', 'Park Street Mews', 'https://www.facebook.com/ComputerScienceAndEngineeringSociety'),
(12, 'Career Fair', 'Official careers fair of CSE', '2014-01-30', 1, '08:00:00', 'CSE Seminar Room', 'https://www.facebook.com/ComputerScienceAndEngineeringSociety'),
(13, 'Flares de Flairs', 'Talent show for CSE undergraduates https://www.facebook.com/FlaresdeFlairs', '2014-03-07', 1, '16:00:00', 'Civil Auditorium', 'https://www.facebook.com/ComputerScienceAndEngineeringSociety'),
(14, 'Interns Day', 'Interns Day event series for the undergraduates in their third year of study who are due to commence industrial training towards the latter part of the year.Each company did a brief presentation on their history, products, processes, working environment and most importantly the benefits for the undergraduates of the internship program they offer.https://drive.google.com/file/d/0B1ND7M3X2GhuekZtb1JWZVM2bHRPc2pMYktqX0FIVDF5RkZZ/edit?usp=sharing', '2014-08-11', 0, '08:00:00', 'CSE Seminar Room', 'https://www.facebook.com/ComputerScienceAndEngineeringSociety'),
(15, 'IDEA Challenge', 'Online course for school students about android app development. Organized with the help of IESL http://www.idea2013.info/ https://drive.google.com/file/d/0B1ND7M3X2GhucXZNNTdNZWdYT2swdWNEOWJOM1VEVWhSclJv/edit?usp=sharing', '2014-10-15', 1, '11:00:00', 'Techno Exhibition (BMICH)', 'https://www.facebook.com/ComputerScienceAndEngineeringSociety'),
(16, 'Robo Games', 'Robot Competition for school students and undergraduates organized with the help of IESL http://www.ieslrobogames.info/', '2014-11-05', 0, '08:00:00', 'Techno Exhibition (BMICH)', 'https://www.facebook.com/ComputerScienceAndEngineeringSociety'),
(17, 'Dhamma Sermon', NULL, '2014-11-07', 0, '16:00:00', 'CSE Seminar Room', 'https://www.facebook.com/ComputerScienceAndEngineeringSociety'),
(18, 'CSE Outreach', 'IT awareness seminar series for school students https://www.facebook.com/cseoutreach', '2014-03-05', 1, '16:00:00', 'Rural Schools', 'https://www.facebook.com/ComputerScienceAndEngineeringSociety'),
(19, 'Variete', 'show waith various singging items. https://www.facebook.com/catchsudheera/media_set?set=a.3503408184576.286909.1252867147&type=1&l=3526e44d0c', '2014-04-04', 1, '08:00:00', 'CSE Seminar Room', 'https://www.facebook.com/ComputerScienceAndEngineeringSociety'),
(20, 'Farenheit 12', 'Award Ceremony for high achivers at the first semester exam.', '2014-06-09', 1, '10:00:00', 'Civil Auditorium', 'https://www.facebook.com/ComputerScienceAndEngineeringSociety'),
(21, 'Google Developer Group Meetup', 'The first session was conducted by the newly appointed Google Student Ambassadors, the second\nwas about Meteor JS which was done by Arunoda Susiripala, the System Architect at Freelancer. The third was on Google MapMaker by the Google MapMaker team who showed how to edit, add new places, roads.\nhttps://drive.google.com/file/d/0B1ND7M3X2GhucXZNNTdNZWdYT2swdWNEOWJOM1VEVWhSclJv/edit?usp=sharing', '2014-02-18', 1, '09:00:00', 'CSE Seminar Room', 'https://www.facebook.com/ComputerScienceAndEngineeringSociety'),
(22, 'GSoC Meetup', 'http://digit.lk/event/gsoc-sri-lanka-meetup-2013/', '2014-10-07', 0, '11:00:00', 'CSE Seminar Room', 'https://www.facebook.com/ComputerScienceAndEngineeringSociety'),
(23, 'GSoC Mentoring Program', 'Mentor UoM students to make them ready for GSoC 2014.\nhttps://www.facebook.com/UoMGSoC2014Mentoring', '2014-03-04', 1, '15:00:00', 'CSE Advanced Lab', 'https://www.facebook.com/ComputerScienceAndEngineeringSociety');

INSERT INTO `companies` (`id`, `name`, `access_level`) VALUES
(4, 'WSO2', 4),
(5, '99X Technology Ltd', 4),
(6, 'Dinota Information Technologies (Pvt) Ltd', 4),
(7, 'IronOne Technologies (Pvt) Ltd', 4),
(8, 'DMS Electronics (PVT) LTD', 4),
(9, 'hSenid Mobile Solutions (Pvt) Ltd', 4),
(10, 'MillenniumIT Software (Pvt) Ltd', 3),
(11, 'Sutra Technologies', 3),
(12, 'SimCentric Technologies (Pvt) Ltd', 3),
(13, 'TechCert', 3),
(14, 'Leapset (Pvt.) Ltd.', 3),
(15, 'Ellipsis (Pvt) Ltd', 3),
(16, 'THINKCube (NEW)', 3),
(17, 'IFS', 3),
(18, 'AtLink Communications (Pvt) Ltd.', 3),
(19, '3D Incorporated', 3),
(20, 'Virtusa (Pvt) Ltd', 3),
(21, 'CodeGen International (Pvt) Ltd', 3),
(22, 'Axienta (PVT) Ltd', 3),
(23, 'Wavenet', 3),
(24, 'Zone24x7 (Private) Limited', 3),
(25, 'Zaizi Asia (Pvt) Ltd', 3),
(26, 'Mazarin Pvt Limited', 3),
(27, 'OrangeHRM', 3),
(28, 'Embla Software Innovation (pvt) Ltd', 3),
(29, 'Creo 360 Pvt. Ltd.', 3),
(30, 'Direct Technologies (Pvt) Ltd', 3),
(31, 'AdroitLogic Lanka (Pvt) Ltd.', 3),
(32, 'Fortunaglobal Private Limited', 3),
(33, 'Atrenta Lanka (Pvt.) Ltd', 3),
(34, 'CodeConnexion PVT LTD', 3);

INSERT INTO `sponsorships` (`id`, `event_id`, `name`, `amount`, `description`, `taken_by`) VALUES
(1, 1, 'Gold Sponsorship', '200000.00', 'CSE department web site will recognize them as a sponsor for the event. T-shirt designed for the event will bear the logo of the sponsor. Official Facebook page and the official project banners will display the logo of the sponsor and recognize them as a sponsor. An exhibition stall to promote their company/products. Display 10 promotional banners of the company around university premises. Distribute promotional handouts. The opportunity for a 5 minutes speech at the event to promote the company.', NULL),
(2, 1, 'Silver Sponsorship', '100000.00', 'CSE department web site will recognize them as a sponsor for the event. CSE Resurgenz official Facebook page and the official project banners will display the logo of the sponsor and recognize them a sponsor. Display 6 promotional banners of the company around university premises. Distribute promotional materials.', 19),
(3, 1, 'Bronze Sponsorship', '50000.00', 'CSE department web site will recognize them as a sponsor for the event. CSE Resurgenz official Facebook page and the official project banners will display the logo of the sponsor and recognize them a sponsor. Display a promotional banner of the company around University Premises. Distribute promotional materials.', 33),
(4, 2, 'Gold Sponsorship', '200000.00', 'CSE department web site will recognize them as a sponsor for the event. T-shirt designed for the event will bear the logo of the sponsor. Official Facebook page and the official project banners will display the logo of the sponsor and recognize them as a sponsor. An exhibition stall to promote their company/products. Display 10 promotional banners of the company around university premises. Distribute promotional handouts. The opportunity for a 5 minutes speech at the event to promote the company.', 6),
(5, 2, 'Silver Sponsorship', '100000.00', 'CSE department web site will recognize them as a sponsor for the event. CSE Resurgenz official Facebook page and the official project banners will display the logo of the sponsor and recognize them a sponsor. Display 6 promotional banners of the company around university premises. Distribute promotional materials.', NULL),
(6, 2, 'Bronze Sponsorship', '50000.00', 'CSE department web site will recognize them as a sponsor for the event. CSE Resurgenz official Facebook page and the official project banners will display the logo of the sponsor and recognize them a sponsor. Display a promotional banner of the company around University Premises. Distribute promotional materials.', NULL),
(7, 3, 'Gold Sponsorship', '200000.00', 'CSE department web site will recognize them as a sponsor for the event. T-shirt designed for the event will bear the logo of the sponsor. Official Facebook page and the official project banners will display the logo of the sponsor and recognize them as a sponsor. An exhibition stall to promote their company/products. Display 10 promotional banners of the company around university premises. Distribute promotional handouts. The opportunity for a 5 minutes speech at the event to promote the company.', 22),
(8, 3, 'Silver Sponsorship', '100000.00', 'CSE department web site will recognize them as a sponsor for the event. CSE Resurgenz official Facebook page and the official project banners will display the logo of the sponsor and recognize them a sponsor. Display 6 promotional banners of the company around university premises. Distribute promotional materials.', 13),
(9, 3, 'Bronze Sponsorship', '50000.00', 'CSE department web site will recognize them as a sponsor for the event. CSE Resurgenz official Facebook page and the official project banners will display the logo of the sponsor and recognize them a sponsor. Display a promotional banner of the company around University Premises. Distribute promotional materials.', 6),
(10, 4, 'Gold Sponsorship', '200000.00', 'CSE department web site will recognize them as a sponsor for the event. T-shirt designed for the event will bear the logo of the sponsor. Official Facebook page and the official project banners will display the logo of the sponsor and recognize them as a sponsor. An exhibition stall to promote their company/products. Display 10 promotional banners of the company around university premises. Distribute promotional handouts. The opportunity for a 5 minutes speech at the event to promote the company.', 19),
(11, 4, 'Silver Sponsorship', '100000.00', 'CSE department web site will recognize them as a sponsor for the event. CSE Resurgenz official Facebook page and the official project banners will display the logo of the sponsor and recognize them a sponsor. Display 6 promotional banners of the company around university premises. Distribute promotional materials.', NULL),
(12, 4, 'Bronze Sponsorship', '50000.00', 'CSE department web site will recognize them as a sponsor for the event. CSE Resurgenz official Facebook page and the official project banners will display the logo of the sponsor and recognize them a sponsor. Display a promotional banner of the company around University Premises. Distribute promotional materials.', 7),
(13, 5, 'Gold Sponsorship', '200000.00', 'CSE department web site will recognize them as a sponsor for the event. T-shirt designed for the event will bear the logo of the sponsor. Official Facebook page and the official project banners will display the logo of the sponsor and recognize them as a sponsor. An exhibition stall to promote their company/products. Display 10 promotional banners of the company around university premises. Distribute promotional handouts. The opportunity for a 5 minutes speech at the event to promote the company.', 9),
(14, 5, 'Silver Sponsorship', '100000.00', 'CSE department web site will recognize them as a sponsor for the event. CSE Resurgenz official Facebook page and the official project banners will display the logo of the sponsor and recognize them a sponsor. Display 6 promotional banners of the company around university premises. Distribute promotional materials.', 14),
(15, 5, 'Bronze Sponsorship', '50000.00', 'CSE department web site will recognize them as a sponsor for the event. CSE Resurgenz official Facebook page and the official project banners will display the logo of the sponsor and recognize them a sponsor. Display a promotional banner of the company around University Premises. Distribute promotional materials.', 9),
(16, 6, 'Gold Sponsorship', '200000.00', 'CSE department web site will recognize them as a sponsor for the event. T-shirt designed for the event will bear the logo of the sponsor. Official Facebook page and the official project banners will display the logo of the sponsor and recognize them as a sponsor. An exhibition stall to promote their company/products. Display 10 promotional banners of the company around university premises. Distribute promotional handouts. The opportunity for a 5 minutes speech at the event to promote the company.', 27),
(17, 6, 'Silver Sponsorship', '100000.00', 'CSE department web site will recognize them as a sponsor for the event. CSE Resurgenz official Facebook page and the official project banners will display the logo of the sponsor and recognize them a sponsor. Display 6 promotional banners of the company around university premises. Distribute promotional materials.', 15),
(18, 6, 'Bronze Sponsorship', '50000.00', 'CSE department web site will recognize them as a sponsor for the event. CSE Resurgenz official Facebook page and the official project banners will display the logo of the sponsor and recognize them a sponsor. Display a promotional banner of the company around University Premises. Distribute promotional materials.', 13),
(19, 7, 'Gold Sponsorship', '200000.00', 'CSE department web site will recognize them as a sponsor for the event. T-shirt designed for the event will bear the logo of the sponsor. Official Facebook page and the official project banners will display the logo of the sponsor and recognize them as a sponsor. An exhibition stall to promote their company/products. Display 10 promotional banners of the company around university premises. Distribute promotional handouts. The opportunity for a 5 minutes speech at the event to promote the company.', NULL),
(20, 7, 'Silver Sponsorship', '100000.00', 'CSE department web site will recognize them as a sponsor for the event. CSE Resurgenz official Facebook page and the official project banners will display the logo of the sponsor and recognize them a sponsor. Display 6 promotional banners of the company around university premises. Distribute promotional materials.', NULL),
(21, 7, 'Bronze Sponsorship', '50000.00', 'CSE department web site will recognize them as a sponsor for the event. CSE Resurgenz official Facebook page and the official project banners will display the logo of the sponsor and recognize them a sponsor. Display a promotional banner of the company around University Premises. Distribute promotional materials.', NULL),
(22, 8, 'Gold Sponsorship', '200000.00', 'CSE department web site will recognize them as a sponsor for the event. T-shirt designed for the event will bear the logo of the sponsor. Official Facebook page and the official project banners will display the logo of the sponsor and recognize them as a sponsor. An exhibition stall to promote their company/products. Display 10 promotional banners of the company around university premises. Distribute promotional handouts. The opportunity for a 5 minutes speech at the event to promote the company.', 8),
(23, 8, 'Silver Sponsorship', '100000.00', 'CSE department web site will recognize them as a sponsor for the event. CSE Resurgenz official Facebook page and the official project banners will display the logo of the sponsor and recognize them a sponsor. Display 6 promotional banners of the company around university premises. Distribute promotional materials.', 30),
(24, 8, 'Bronze Sponsorship', '50000.00', 'CSE department web site will recognize them as a sponsor for the event. CSE Resurgenz official Facebook page and the official project banners will display the logo of the sponsor and recognize them a sponsor. Display a promotional banner of the company around University Premises. Distribute promotional materials.', 11),
(25, 9, 'Gold Sponsorship', '200000.00', 'CSE department web site will recognize them as a sponsor for the event. T-shirt designed for the event will bear the logo of the sponsor. Official Facebook page and the official project banners will display the logo of the sponsor and recognize them as a sponsor. An exhibition stall to promote their company/products. Display 10 promotional banners of the company around university premises. Distribute promotional handouts. The opportunity for a 5 minutes speech at the event to promote the company.', 7),
(26, 9, 'Silver Sponsorship', '100000.00', 'CSE department web site will recognize them as a sponsor for the event. CSE Resurgenz official Facebook page and the official project banners will display the logo of the sponsor and recognize them a sponsor. Display 6 promotional banners of the company around university premises. Distribute promotional materials.', 23),
(27, 9, 'Bronze Sponsorship', '50000.00', 'CSE department web site will recognize them as a sponsor for the event. CSE Resurgenz official Facebook page and the official project banners will display the logo of the sponsor and recognize them a sponsor. Display a promotional banner of the company around University Premises. Distribute promotional materials.', 9),
(28, 10, 'Gold Sponsorship', '200000.00', 'CSE department web site will recognize them as a sponsor for the event. T-shirt designed for the event will bear the logo of the sponsor. Official Facebook page and the official project banners will display the logo of the sponsor and recognize them as a sponsor. An exhibition stall to promote their company/products. Display 10 promotional banners of the company around university premises. Distribute promotional handouts. The opportunity for a 5 minutes speech at the event to promote the company.', 9),
(29, 10, 'Silver Sponsorship', '100000.00', 'CSE department web site will recognize them as a sponsor for the event. CSE Resurgenz official Facebook page and the official project banners will display the logo of the sponsor and recognize them a sponsor. Display 6 promotional banners of the company around university premises. Distribute promotional materials.', 31),
(30, 10, 'Bronze Sponsorship', '50000.00', 'CSE department web site will recognize them as a sponsor for the event. CSE Resurgenz official Facebook page and the official project banners will display the logo of the sponsor and recognize them a sponsor. Display a promotional banner of the company around University Premises. Distribute promotional materials.', 15),
(31, 11, 'Gold Sponsorship', '200000.00', 'CSE department web site will recognize them as a sponsor for the event. T-shirt designed for the event will bear the logo of the sponsor. Official Facebook page and the official project banners will display the logo of the sponsor and recognize them as a sponsor. An exhibition stall to promote their company/products. Display 10 promotional banners of the company around university premises. Distribute promotional handouts. The opportunity for a 5 minutes speech at the event to promote the company.', NULL),
(32, 11, 'Silver Sponsorship', '100000.00', 'CSE department web site will recognize them as a sponsor for the event. CSE Resurgenz official Facebook page and the official project banners will display the logo of the sponsor and recognize them a sponsor. Display 6 promotional banners of the company around university premises. Distribute promotional materials.', 31),
(33, 11, 'Bronze Sponsorship', '50000.00', 'CSE department web site will recognize them as a sponsor for the event. CSE Resurgenz official Facebook page and the official project banners will display the logo of the sponsor and recognize them a sponsor. Display a promotional banner of the company around University Premises. Distribute promotional materials.', 14),
(34, 12, 'Gold Sponsorship', '200000.00', 'CSE department web site will recognize them as a sponsor for the event. T-shirt designed for the event will bear the logo of the sponsor. Official Facebook page and the official project banners will display the logo of the sponsor and recognize them as a sponsor. An exhibition stall to promote their company/products. Display 10 promotional banners of the company around university premises. Distribute promotional handouts. The opportunity for a 5 minutes speech at the event to promote the company.', 26),
(35, 12, 'Silver Sponsorship', '100000.00', 'CSE department web site will recognize them as a sponsor for the event. CSE Resurgenz official Facebook page and the official project banners will display the logo of the sponsor and recognize them a sponsor. Display 6 promotional banners of the company around university premises. Distribute promotional materials.', NULL),
(36, 12, 'Bronze Sponsorship', '50000.00', 'CSE department web site will recognize them as a sponsor for the event. CSE Resurgenz official Facebook page and the official project banners will display the logo of the sponsor and recognize them a sponsor. Display a promotional banner of the company around University Premises. Distribute promotional materials.', 24),
(37, 13, 'Gold Sponsorship', '200000.00', 'CSE department web site will recognize them as a sponsor for the event. T-shirt designed for the event will bear the logo of the sponsor. Official Facebook page and the official project banners will display the logo of the sponsor and recognize them as a sponsor. An exhibition stall to promote their company/products. Display 10 promotional banners of the company around university premises. Distribute promotional handouts. The opportunity for a 5 minutes speech at the event to promote the company.', 32),
(38, 13, 'Silver Sponsorship', '100000.00', 'CSE department web site will recognize them as a sponsor for the event. CSE Resurgenz official Facebook page and the official project banners will display the logo of the sponsor and recognize them a sponsor. Display 6 promotional banners of the company around university premises. Distribute promotional materials.', 33),
(39, 13, 'Bronze Sponsorship', '50000.00', 'CSE department web site will recognize them as a sponsor for the event. CSE Resurgenz official Facebook page and the official project banners will display the logo of the sponsor and recognize them a sponsor. Display a promotional banner of the company around University Premises. Distribute promotional materials.', 14),
(40, 14, 'Gold Sponsorship', '200000.00', 'CSE department web site will recognize them as a sponsor for the event. T-shirt designed for the event will bear the logo of the sponsor. Official Facebook page and the official project banners will display the logo of the sponsor and recognize them as a sponsor. An exhibition stall to promote their company/products. Display 10 promotional banners of the company around university premises. Distribute promotional handouts. The opportunity for a 5 minutes speech at the event to promote the company.', 8),
(41, 14, 'Silver Sponsorship', '100000.00', 'CSE department web site will recognize them as a sponsor for the event. CSE Resurgenz official Facebook page and the official project banners will display the logo of the sponsor and recognize them a sponsor. Display 6 promotional banners of the company around university premises. Distribute promotional materials.', 30),
(42, 14, 'Bronze Sponsorship', '50000.00', 'CSE department web site will recognize them as a sponsor for the event. CSE Resurgenz official Facebook page and the official project banners will display the logo of the sponsor and recognize them a sponsor. Display a promotional banner of the company around University Premises. Distribute promotional materials.', NULL),
(43, 15, 'Gold Sponsorship', '200000.00', 'CSE department web site will recognize them as a sponsor for the event. T-shirt designed for the event will bear the logo of the sponsor. Official Facebook page and the official project banners will display the logo of the sponsor and recognize them as a sponsor. An exhibition stall to promote their company/products. Display 10 promotional banners of the company around university premises. Distribute promotional handouts. The opportunity for a 5 minutes speech at the event to promote the company.', 11),
(44, 15, 'Silver Sponsorship', '100000.00', 'CSE department web site will recognize them as a sponsor for the event. CSE Resurgenz official Facebook page and the official project banners will display the logo of the sponsor and recognize them a sponsor. Display 6 promotional banners of the company around university premises. Distribute promotional materials.', 12),
(45, 15, 'Bronze Sponsorship', '50000.00', 'CSE department web site will recognize them as a sponsor for the event. CSE Resurgenz official Facebook page and the official project banners will display the logo of the sponsor and recognize them a sponsor. Display a promotional banner of the company around University Premises. Distribute promotional materials.', 22),
(46, 16, 'Gold Sponsorship', '200000.00', 'CSE department web site will recognize them as a sponsor for the event. T-shirt designed for the event will bear the logo of the sponsor. Official Facebook page and the official project banners will display the logo of the sponsor and recognize them as a sponsor. An exhibition stall to promote their company/products. Display 10 promotional banners of the company around university premises. Distribute promotional handouts. The opportunity for a 5 minutes speech at the event to promote the company.', 6),
(47, 16, 'Silver Sponsorship', '100000.00', 'CSE department web site will recognize them as a sponsor for the event. CSE Resurgenz official Facebook page and the official project banners will display the logo of the sponsor and recognize them a sponsor. Display 6 promotional banners of the company around university premises. Distribute promotional materials.', 21),
(48, 16, 'Bronze Sponsorship', '50000.00', 'CSE department web site will recognize them as a sponsor for the event. CSE Resurgenz official Facebook page and the official project banners will display the logo of the sponsor and recognize them a sponsor. Display a promotional banner of the company around University Premises. Distribute promotional materials.', 22),
(49, 18, 'Gold Sponsorship', '200000.00', 'CSE department web site will recognize them as a sponsor for the event. T-shirt designed for the event will bear the logo of the sponsor. Official Facebook page and the official project banners will display the logo of the sponsor and recognize them as a sponsor. An exhibition stall to promote their company/products. Display 10 promotional banners of the company around university premises. Distribute promotional handouts. The opportunity for a 5 minutes speech at the event to promote the company.', 6),
(50, 18, 'Silver Sponsorship', '100000.00', 'CSE department web site will recognize them as a sponsor for the event. CSE Resurgenz official Facebook page and the official project banners will display the logo of the sponsor and recognize them a sponsor. Display 6 promotional banners of the company around university premises. Distribute promotional materials.', 19),
(51, 18, 'Bronze Sponsorship', '50000.00', 'CSE department web site will recognize them as a sponsor for the event. CSE Resurgenz official Facebook page and the official project banners will display the logo of the sponsor and recognize them a sponsor. Display a promotional banner of the company around University Premises. Distribute promotional materials.', 28),
(52, 19, 'Gold Sponsorship', '200000.00', 'CSE department web site will recognize them as a sponsor for the event. T-shirt designed for the event will bear the logo of the sponsor. Official Facebook page and the official project banners will display the logo of the sponsor and recognize them as a sponsor. An exhibition stall to promote their company/products. Display 10 promotional banners of the company around university premises. Distribute promotional handouts. The opportunity for a 5 minutes speech at the event to promote the company.', 5),
(53, 19, 'Silver Sponsorship', '100000.00', 'CSE department web site will recognize them as a sponsor for the event. CSE Resurgenz official Facebook page and the official project banners will display the logo of the sponsor and recognize them a sponsor. Display 6 promotional banners of the company around university premises. Distribute promotional materials.', 7),
(54, 19, 'Bronze Sponsorship', '50000.00', 'CSE department web site will recognize them as a sponsor for the event. CSE Resurgenz official Facebook page and the official project banners will display the logo of the sponsor and recognize them a sponsor. Display a promotional banner of the company around University Premises. Distribute promotional materials.', NULL),
(55, 20, 'Gold Sponsorship', '200000.00', 'CSE department web site will recognize them as a sponsor for the event. T-shirt designed for the event will bear the logo of the sponsor. Official Facebook page and the official project banners will display the logo of the sponsor and recognize them as a sponsor. An exhibition stall to promote their company/products. Display 10 promotional banners of the company around university premises. Distribute promotional handouts. The opportunity for a 5 minutes speech at the event to promote the company.', NULL),
(56, 20, 'Silver Sponsorship', '100000.00', 'CSE department web site will recognize them as a sponsor for the event. CSE Resurgenz official Facebook page and the official project banners will display the logo of the sponsor and recognize them a sponsor. Display 6 promotional banners of the company around university premises. Distribute promotional materials.', 26),
(57, 20, 'Bronze Sponsorship', '50000.00', 'CSE department web site will recognize them as a sponsor for the event. CSE Resurgenz official Facebook page and the official project banners will display the logo of the sponsor and recognize them a sponsor. Display a promotional banner of the company around University Premises. Distribute promotional materials.', 14),
(58, 21, 'Gold Sponsorship', '200000.00', 'CSE department web site will recognize them as a sponsor for the event. T-shirt designed for the event will bear the logo of the sponsor. Official Facebook page and the official project banners will display the logo of the sponsor and recognize them as a sponsor. An exhibition stall to promote their company/products. Display 10 promotional banners of the company around university premises. Distribute promotional handouts. The opportunity for a 5 minutes speech at the event to promote the company.', 21),
(59, 21, 'Silver Sponsorship', '100000.00', 'CSE department web site will recognize them as a sponsor for the event. CSE Resurgenz official Facebook page and the official project banners will display the logo of the sponsor and recognize them a sponsor. Display 6 promotional banners of the company around university premises. Distribute promotional materials.', NULL),
(60, 21, 'Bronze Sponsorship', '50000.00', 'CSE department web site will recognize them as a sponsor for the event. CSE Resurgenz official Facebook page and the official project banners will display the logo of the sponsor and recognize them a sponsor. Display a promotional banner of the company around University Premises. Distribute promotional materials.', NULL),
(61, 22, 'Gold Sponsorship', '200000.00', 'CSE department web site will recognize them as a sponsor for the event. T-shirt designed for the event will bear the logo of the sponsor. Official Facebook page and the official project banners will display the logo of the sponsor and recognize them as a sponsor. An exhibition stall to promote their company/products. Display 10 promotional banners of the company around university premises. Distribute promotional handouts. The opportunity for a 5 minutes speech at the event to promote the company.', 23),
(62, 22, 'Silver Sponsorship', '100000.00', 'CSE department web site will recognize them as a sponsor for the event. CSE Resurgenz official Facebook page and the official project banners will display the logo of the sponsor and recognize them a sponsor. Display 6 promotional banners of the company around university premises. Distribute promotional materials.', 33),
(63, 22, 'Bronze Sponsorship', '50000.00', 'CSE department web site will recognize them as a sponsor for the event. CSE Resurgenz official Facebook page and the official project banners will display the logo of the sponsor and recognize them a sponsor. Display a promotional banner of the company around University Premises. Distribute promotional materials.', 11),
(64, 23, 'Gold Sponsorship', '200000.00', 'CSE department web site will recognize them as a sponsor for the event. T-shirt designed for the event will bear the logo of the sponsor. Official Facebook page and the official project banners will display the logo of the sponsor and recognize them as a sponsor. An exhibition stall to promote their company/products. Display 10 promotional banners of the company around university premises. Distribute promotional handouts. The opportunity for a 5 minutes speech at the event to promote the company.', 15),
(65, 23, 'Silver Sponsorship', '100000.00', 'CSE department web site will recognize them as a sponsor for the event. CSE Resurgenz official Facebook page and the official project banners will display the logo of the sponsor and recognize them a sponsor. Display 6 promotional banners of the company around university premises. Distribute promotional materials.', NULL),
(66, 23, 'Bronze Sponsorship', '50000.00', 'CSE department web site will recognize them as a sponsor for the event. CSE Resurgenz official Facebook page and the official project banners will display the logo of the sponsor and recognize them a sponsor. Display a promotional banner of the company around University Premises. Distribute promotional materials.', 31);



INSERT INTO `sessions` 
(`id`,
`title`,
`description`,
`date`,
`start_time`,
`duration`,
`resp_name`,
`resp_contact`,
`org_id`) VALUES
(1,'brand new session for asp.net','on you would like to carryout to CSE syudents. We will get back to you regarding the posson you would like to carryout to CSE syudents. We will get back to you regarding the poss',NULL,'7:30 am',133,'wsfsf','13331',5),
(2,'Has a session you would like to carryout to CS','Propose a session you would like to carryout to CSE syudents. We will get back to you regarding the possible dates for that.Propose a session you would like to carryout to CSE syudents. We will get back to you regarding the possible dates for that.','2014-04-20 00:00:00','7:00 am',NULL,NULL,NULL,5),
(3,'ws02 a session you would like to carryout to CS','Propose a session you would like to carryout to CSE syudents. We will get back to you regarding the possible dates for that.Propose a session you would like to carryout to CSE syudents. We will get back to you regarding the possible dates for that.',NULL,'7:00 am',NULL,NULL,NULL,4),
(4,'new e a session you would like to carryout to CS','Propose a session you would like to carryout to CSE syudents. We will get back to you regarding the possible dates for that.Propose a session you would like to carryout to CSE syudents. We will get back to you regarding the possible dates for that.','2014-05-14 00:00:00','7:00 am',NULL,NULL,NULL,NULL),
(5,'11new e a session you would like to carryout to CS','Propose a session you would like to carryout to CSE syudents. We will get back to you regarding the possible dates for that.Propose a session you would like to carryout to CSE syudents. We will get back to you regarding the possible dates for that.',NULL,'7:00 am',NULL,NULL,NULL,NULL),
(6,'bbbbose a session you would like to carryout to CS','Propose a session you would like to carryout to CSE syudents. We will get back to you regarding the possib',NULL,'7:00 am',NULL,NULL,NULL,NULL),
(7,'Test  a session you would like to carryout to CS','Propose a session you would like to carryout to CSE syudents. We will get back to you regarding the possible daPropose a session you would like to carryout to CSE syudents. We will get back to you regarding the possible daPropose a session you would like t','2014-04-06 00:00:00','8:00 am',150,'Udith','9489028490',NULL),
(8,'new new session you would like to carryout to CS','Propose a session you would like to carryout to CSE syudents. We will get back to you regarding the possible dates for that.Propose a session you would like to carryout to CSE syudents. We will get back to you regarding the possible dates for that.','2014-04-28 00:00:00','8:00 am',124,NULL,NULL,NULL),
(9,'Session for testing the functionality','session you would like to carryout to CSE syudents. We will get back to you regarding the possible session you would like to carryout to CSE syudents. We will get back to you regarding the possible','2014-06-07 00:00:00','8:30 am',120,'Hasith','0714819556',11);

--
-- Dumping data for table `project_batches`
--

INSERT INTO `project_batches` VALUES (8,'11'),(9,'10'),(10,'10'),(11,'11'),(12,'12');

--
-- Dumping data for table `projects`
--

INSERT INTO `projects` VALUES (8,'NoSQL Database Recommendation Tool','NoSQL (commonly interpreted as \"not only SQL\"[1]) is a broad class of database management systems identified by non-adherence to the widely used relational database management system model. NoSQL database systems are often highly optimized for retrieval and appending operations and often offer little functionality beyond record storage (e.g. keyvalue stores). The reduced run-time flexibility compared to full SQL systems is compensated by marked gains in scalability and performance for certain data models.\r\n\r\nThere are large numbers of NoSQL databases based on very different technologies and supports very different class of problems. The objective of this research is to develop a tool that can suggest the most suitable solution based on given input parameters.\r\n\r\nNoSQL promises to give highly scalable and high performance data store for modern applications. However a wrong choice of database type may result in great failures. Currently, it is difficult to find any research papers of guidelines that can be used to choose the correct NoSQL database to solve a given class of problems.  \r\n\r\nDevelop a tool that can take application parameters like application type, the size of the data store, the types of queries that has to be frequently executed, etc. and suggest the best NoSQL databse (or suggest to go with a Relational Database if that is the best match)\r\n','Kosala Gunaratne','0713433552',23,'2014-06-22 09:57:30','Active'),(9,'Sign Language Recognition','Speech recognition has come a long way and today we have software that successfully does Speech recognition. The software SIRI included in the Applie iPhone is one that got a lot of attention due to its success.\r\n\r\nHowever, the state-of-the-art speech recognition software is not to be enjoyed by the people who cant speak. For them the only way of communication is signing (sign language). It would be pretty nice if the computers and mobile devices could understand sign language.\r\n\r\nDevelop software that could interpret/recognize sign language\r\nShould be able to run on a mobile device with a camera\r\nHand gesture capturing from a video\r\n - An API which can be utilized by the application developers (just like what Microsoft Kinect does)\r\n - A reference implementation of the API\r\n','Rusiru Senaratne','0773433535',15,'2014-06-22 10:05:22','Active'),(10,'Developing a real time large scale request monitoring system','When you are handling an eCommerce website, you often get lots of either bad or good bot requests trying to crawl your website. These are sometimes challenging to website due to various reasons.\r\n\r\n1. a very high number of requests per second can exhaust the capacity of the web site either increasing the user response time or much worse bringing down the whole site\r\n2. if a site it counting number of users coming into the web site, it should be able to exclude these requests\r\n\r\nThe basic idea of this project is to identify the patterns of requests coming from a certain IP, user agent, etc and taking necessary steps in the real time. \r\n\r\nChallenges\r\n\r\n1. you will be hosting large number of front end web servers (a server farm) to handle user requests coming into your website. If you want to identify patterns you might have to gather data from ALL the nodes to take decisions as these crawlers might be hitting different servers. \r\n2. The actions that can be implemented can include, providing a captcha, throttling the requests, slowing down the response time, or may be completely denying the service by black listing those requests.\r\n3. since these bots attack fast and create disasters within few mins, these data collections and pattern recognitions should happen pretty fast and actions should be deployed within a reasonable amount of time.\r\n4. coming up with or searching for a set of heuristics / algorithms to identify bot patterns\r\n5. finding the best set of parameters/features to be monitored\r\n6. scaling the system when you are handling thousands of nodes\r\n7. expiring the deployed policies over time\r\n8. ability to manually introduce policies\r\n9. providing an admin interface to view and manage these policies\r\n','Nimantha Silva','0713435435',5,'2014-06-23 13:16:46','Active'),(11,'3D movie on mobile phone','Video Codec, Video synchronizing, CPU and Memory optimization Human Vision, Optics. 3D movies can be played in dedicated screens and it requires proprietary eye-ware to be worn. The cost and non availability of these devices hinders the adaptation of 3D movie by masses. One solution would be to combine two cheap mobile devices and some optics to provide 3D experience.\r\nCurrent 3D movies are only visible by specially designed LCD screens. \r\n\r\nOne solution would be to provide personal/private 3D movie experience. In order to do this following can be adopted.\r\nMake two small LCD screens display the stereo video. Use optics to provide 3D visualization on the two LCD screens. Please see ref: 1. However this is not possible due to budgetary constraints for ordinary people.\r\nSolution is to use two mobile phones, use its LCD screen and couple of lenses and mirrors to mimic the above heads up display unit. The mobile phones used should not be dismantled at all. Both of them should communicate and display the relevant portion of the stereo screen. This will enable 3D movie experienced by an enthusiastic person to make such a device and experience the 3D world.\r\nThis allows full field of view if proper lenses and mirrors are selected and properly placed. (therefore student should have good knowledge about physics specially on optics. Pre- University optics lessons would help)\r\n','Shanaka Vijesooriya','0715564647',7,'2014-06-22 10:08:07','Active'),(12,'Augmented Reality','Think about an art gallery, for each exhibit contains information stored in NFC or low power bluetooth module. Read the information and display on the mobile screen and play a voice clip describing the exhibit. End users are exhibition hosts, and visitors.\r\n\r\nDemonstrated a simple art-gallery with either NFC or Bluetooth chips. Should demonstrate audio, video and web links of the exhibits using mobile device.','Hasith Yaggahavita','0714819556',5,'2014-06-22 10:11:34','Active');

INSERT INTO `students` (`id`, `student_id`, `batch`, `linkedin_id`, `profile_url`, `oauth_token`, `oauth_token_secret`, `gpa`, `description`) VALUES
(4, '100006B', 10, '4', 'http://www.linkedin.com/pub/sameera-rukshan/64/8b4/745', '', '', '', 'Description not available'),
(5, '100020L', 10, '5', 'http://www.linkedin.com/pub/hasitha-dhananjaya/46/816/136', '', '', '', 'Description not available'),
(6, '100022U', 10, '6', 'http://www.linkedin.com/in/ahsanshamsudeen', '', '', '', 'A dynamic, results-driven, articulate, analytic Engineering undergraduate who can think out of the box. An adaptable, enthusiastic and self-motivated individual with excellent communication skills who can work with time constraints and deadlines by cooperation of the team, interested in challenging technical tracks. Through hard work and team work , I wish to acquire new experiences and knowledge, which would help me to improve my skills.'),
(7, '100029X', 10, '7', 'http://lk.linkedin.com/pub/malintha-amarasinghe/38/66/480', '', '', '', 'Description not available'),
(8, '100039D', 10, '8', 'http://www.linkedin.com/in/rashmiworanga', '', '', '', 'Description not available'),
(9, '100040X', 10, '9', 'http://www.linkedin.com/pub/janindu-arukgoda/35/378/437', '', '', '', 'Description not available'),
(10, '100052K', 10, '10', 'http://www.linkedin.com/in/chamikakasun', '', '', '', 'Description not available'),
(11, '100055X', 10, '11', 'http://www.linkedin.com/in/vidudaya', '', '', '', 'I am Vidudaya Neranjan Bandara; presently a 3rd year undergraduate at Department of Computer Science and Engineering, University of Moratuwa, Sri Lanka. Intern at DirectFN (http://lk.directfn.com/). Currently working in Global Business Development section. I am an enthusiastic programmer/student, with a quick learning ability. I always focus myself on achieving targets where I do have fast adjusting ability to the changes in the dynamic environment. Im confident about my independent performance and when come to challenges, they always make me stronger. '),
(12, '100056C', 10, '12', 'http://www.linkedin.com/in/madhushib', '', '', '', 'I am a Computer Science & Engineering 3rd year undergraduate. I am interested in computer science researches and software architecture designing. I have knowledge and experience in many technologies and platforms as Java, C#, .NET and also willing to learn and work on innovative projects.'),
(13, '100059M', 10, '13', 'http://www.linkedin.com/pub/samiththa-bashani/75/a65/961', '', '', '', 'Description not available'),
(14, '100063U', 10, '14', 'http://www.linkedin.com/pub/ahiladas-burusothman/6a/757/b27', '', '', '', 'Continuing my undergraduate studies with a huge hope about my future and want to continue my engineering career with a challenging, supportive and human friendly company.'),
(15, '100087V', 10, '15', 'http://lk.linkedin.com/pub/anushka-mahesh/19/251/8b9', '', '', '', 'Description not available'),
(16, '100092G', 10, '16', 'http://www.linkedin.com/pub/kelum-deshapriya/50/9ba/454', '', '', '', 'Description not available'),
(17, '100097C', 10, '17', 'http://www.linkedin.com/pub/sachith-withana/4a/35b/254', '', '', '', 'Description not available'),
(18, '100100H', 10, '18', 'http://www.linkedin.com/pub/chanaka-dilshan/50/a20/66', '', '', '', 'Description not available'),
(19, '100109T', 10, '19', 'http://www.linkedin.com/in/fathimafahima', '', '', '', 'Description not available'),
(20, '100112V', 10, '20', 'http://www.linkedin.com/in/sajithdilshan', '', '', '', 'Description not available'),
(21, '100123F', 10, '21', 'http://www.linkedin.com/pub/erlilverl-kanagasabai/79/769/55', '', '', '', 'Description not available'),
(22, '100131D', 10, '22', 'http://www.linkedin.com/pub/milinda-fernando/57/882/88b', '', '', '', 'Description not available'),
(23, '100132G', 10, '23', 'http://www.linkedin.com/pub/vimuth-fernando/32/820/6a1', '', '', '', 'Description not available'),
(24, '100141H', 10, '24', 'http://www.linkedin.com/in/vijayindu', '', '', '', 'Description not available'),
(25, '100143P', 10, '25', 'http://www.linkedin.com/pub/chathura-gamage/36/8ba/a5b', '', '', '', 'Description not available'),
(26, '100152R', 10, '26', 'http://www.linkedin.com/pub/gitanjali-thiyagalingam/53/9ba/8b9', '', '', '', 'Description not available'),
(27, '100158P', 10, '27', 'http://www.linkedin.com/in/udithg', '', '', '', 'I am very enthusiastic person in learning new technologies by myself and using that knowledge practically. My main interests are Artificial Intelligence, Web based technologies and Mobile technologies. I have a keen interest in graphic designing as well.'),
(28, '100159U', 10, '28', 'http://www.linkedin.com/pub/shamika-gunaratne/29/ba3/391', '', '', '', 'Description not available'),
(29, '100162X', 10, '29', 'http://www.linkedin.com/in/nadeeshaan', '', '', '', 'Description not available'),
(30, '100166M', 10, '30', 'http://www.linkedin.com/in/pubudugunatilaka', '', '', '', 'Description not available'),
(31, '100167R', 10, '31', 'http://www.linkedin.com/pub/mihiri-gunatunge/76/b0b/682', '', '', '', 'Description not available'),
(32, '100180B', 10, '32', 'http://www.linkedin.com/pub/shemil-hashan/63/b99/bab', '', '', '', 'Description not available'),
(33, '100193R', 10, '33', 'http://www.linkedin.com/in/yahanihwgm', '', '', '', 'Description not available'),
(34, '100196E', 10, '34', 'http://www.linkedin.com/pub/supun-gothama/34/6a1/7a4', '', '', '', 'Description not available'),
(35, '100202X', 10, '35', 'http://www.linkedin.com/pub/mohamed-infaz/57/28b/28b', '', '', '', 'I am simple and committed. Seeking to remain significant in this rapidly growing IT industry.'),
(36, '100216T', 10, '36', 'http://www.linkedin.com/in/dpjayasekara', '', '', '', 'Description not available'),
(37, '100225U', 10, '37', 'http://www.linkedin.com/pub/hirantha-sankalpa/69/929/5b5', '', '', '', 'Description not available'),
(38, '100227D', 10, '38', 'http://www.linkedin.com/pub/isuru-jayaweera/49/54/899', '', '', '', 'Description not available'),
(39, '100234V', 10, '39', 'http://www.linkedin.com/in/kamalan', '', '', '', 'Description not available'),
(40, '100252A', 10, '40', 'http://www.linkedin.com/in/thimalkempitiya', '', '', '', 'Description not available'),
(41, '100266U', 10, '41', 'http://www.linkedin.com/pub/sasikala-kottegoda/57/345/503', '', '', '', 'Description not available'),
(42, '100277E', 10, '42', 'http://www.linkedin.com/in/trusira', '', '', '', 'I am currently a final year Computer Science and Engineering undergraduate at University of Moratuwa, Sri Lanka. I have also completed a six month internship at Zaizi as a research and development intern. Theoretical computer science, Machine Learning,Data Mining, Linguistics, NLP, Compilers, Content Management, Knowledge Extraction and Semantic technologies are among the top interests that keep me excited all the time.'),
(43, '100282N', 10, '43', 'http://www.linkedin.com/pub/chamath-kumarasinghe/92/383/797', '', '', '', 'Description not available'),
(44, '100284X', 10, '44', 'http://lk.linkedin.com/pub/malinda-kumarasinghe/92/3b9/b0', '', '', '', 'Description not available'),
(45, '100285C', 10, '45', 'http://www.linkedin.com/pub/dinu-sandaru/28/865/551', '', '', '', 'Description not available'),
(46, '100295G', 10, '46', 'http://www.linkedin.com/pub/lahiru-lasandun/33/611/201', '', '', '', 'Description not available'),
(47, '100297N', 10, '47', 'http://www.linkedin.com/in/9asiri', '', '', '', 'Description not available'),
(48, '100299X', 10, '48', 'http://www.linkedin.com/pub/dananji-liyanage/25/872/796', '', '', '', 'Description not available'),
(49, '100324X', 10, '49', 'http://www.linkedin.com/pub/tiroshan-madushanka/33/43/5b7', '', '', '', 'Description not available'),
(50, '100330L', 10, '50', 'http://www.linkedin.com/pub/jayaruwan-mannapperuma/34/658/596', '', '', '', 'Description not available'),
(51, '100336K', 10, '51', 'http://www.linkedin.com/pub/laksheen-mendis/33/902/148', '', '', '', 'Description not available'),
(52, '100341V', 10, '52', 'http://www.linkedin.com/in/vishmimoney', '', '', '', 'Description not available'),
(53, '100346P', 10, '53', 'http://www.linkedin.com/in/shashika', '', '', '', 'Studying in Department of Computer Science & Engineering, University of Moratuwa'),
(54, '100347U', 10, '54', 'http://www.linkedin.com/pub/tharindu-lakmal-muthugama/56/441/804', '', '', '', 'Description not available'),
(55, '100348A', 10, '55', 'http://www.linkedin.com/pub/meuru-muthuthanthri/36/473/826', '', '', '', 'Description not available'),
(56, '100366C', 10, '56', 'http://www.linkedin.com/pub/sudheera-palihakkara/31/384/574', '', '', '', 'I am a person who loves to explore the world of Computer Science.'),
(57, '100369M', 10, '57', 'http://www.linkedin.com/pub/paraneetharan-saravanaperumal/35/a63/774', '', '', '', 'Description not available'),
(58, '100370H', 10, '58', 'http://www.linkedin.com/pub/daham-positha-pathiraja/60/25a/460', '', '', '', 'Description not available'),
(59, '100374A', 10, '59', 'http://www.linkedin.com/pub/akila-pemasiri/33/748/707', '', '', '', 'Description not available'),
(60, '100376G', 10, '60', 'http://www.linkedin.com/pub/nilaksha-perera/91/a5a/5b6', '', '', '', 'Description not available'),
(61, '100378N', 10, '61', 'http://www.linkedin.com/pub/manuri-amaya-perera/38/940/a74', '', '', '', 'Description not available'),
(62, '100379T', 10, '62', 'http://www.linkedin.com/in/tharinduamilaperera', '', '', '', 'Keen to Learn'),
(63, '100381R', 10, '63', 'http://lk.linkedin.com/pub/chalitha-perera/95/695/204', '', '', '', 'Description not available'),
(64, '100393F', 10, '64', 'http://lk.linkedin.com/pub/chamara-philips/54/414/a5b', '', '', '', 'I am an Engineering Student specializing in the field of Computer Science and Engineering. I am looking forward for a professional carrier which is more dynamic and with more people interaction.'),
(65, '100408J', 10, '65', 'http://www.linkedin.com/pub/thilina-premasiri/46/803/9b6', '', '', '', 'Description not available'),
(66, '100409M', 10, '66', 'http://www.linkedin.com/pub/rukshan-chathuranga/38/930/5aa', '', '', '', 'Description not available'),
(67, '100440A', 10, '67', 'http://www.linkedin.com/in/tharinduranasinghe', '', '', '', 'I am an Undergraduate of University of Moratuwa, Department of Computer Science & Engineering - with interested areas including Machine Learning, Artificial Intelligence , and Data Mining.'),
(68, '100442G', 10, '68', 'http://www.linkedin.com/in/yrmranasinghe', '', '', '', 'I am Computer Science and Engineering undergraduate, currently involved in open source web service development as a Trainee Software Engineer. My particular interests in the field of computer science are Algorithms, Mathematics, Real world problem solving, Machine learning, Security and cryptography. I further study and explore those subjects in my leisure times. I am fascinated about learning new programming languages and latforms and I am a quick Learner.'),
(69, '100444N', 10, '69', 'http://lk.linkedin.com/pub/mihil-ranathunga/47/703/b3', '', '', '', 'Description not available'),
(70, '100445T', 10, '70', 'http://lk.linkedin.com/pub/harshika-ranaweera/64/745/895', '', '', '', 'Description not available'),
(71, '100456D', 10, '71', 'http://www.linkedin.com/pub/keshani-rathnayake/42/10b/8a9', '', '', '', 'Description not available'),
(72, '100458K', 10, '72', 'http://www.linkedin.com/pub/thilina-bandara-rathnayake/35/36a/50', '', '', '', 'Description not available'),
(73, '100466H', 10, '73', 'http://www.linkedin.com/pub/dammina-sahabandu/32/300/43b', '', '', '', 'Currently an third year undergraduate of Department of Computer Science and Engineering, University of Moratuwa, following B.Sc Engineering (Hons).'),
(74, '100470N', 10, '74', 'http://www.linkedin.com/pub/chamath-sajeewa/36/a9/aa1', '', '', '', 'I am a hard working computer science and engineering student. I am interested in software processes , data structures and algorithms, mathematics.'),
(75, '100476M', 10, '75', 'http://www.linkedin.com/in/plbsam', '', '', '', 'Description not available'),
(76, '100479B', 10, '76', 'http://www.linkedin.com/pub/randima-sandamal/92/37a/a67', '', '', '', 'Description not available'),
(77, '100484K', 10, '77', 'http://www.linkedin.com/pub/sanjith-balachandran/2a/737/813', '', '', '', 'Description not available'),
(78, '100487X', 10, '78', 'http://www.linkedin.com/in/wadsashika', '', '', '', 'Description not available'),
(79, '100492H', 10, '79', 'http://www.linkedin.com/pub/damith-senanayake/38/975/468', '', '', '', 'Description not available'),
(80, '100498G', 10, '80', 'http://www.linkedin.com/in/hashinisenaratne', '', '', '', 'I am an innovative and an enthusiastic person who is willing to explore new technologies and use them in order to serve the society. Computer science and engineering field has become a fascinating area for me and I would like to do a great service to the society, with the use of my capabilities and dedication as a Computer Science Engineer. I have good analytical skills, ability to work in a team and leadership qualities. Specialties: Computer Science and Engineering field while interested in other engineering fields like electronics.'),
(81, '100512X', 10, '81', 'http://www.linkedin.com/in/madurangasiriwardena', '', '', '', 'Description not available'),
(82, '100517R', 10, '82', 'http://lk.linkedin.com/in/channagayan', '', '', '', 'Description not available'),
(83, '100520U', 10, '83', 'http://lk.linkedin.com/pub/thamayanthy-sripalan/50/390/458/', '', '', '', 'Description not available'),
(84, '100521A', 10, '84', 'http://www.linkedin.com/pub/isuri-subasinghe/7b/3a3/156', '', '', '', 'Description not available'),
(85, '100526T', 10, '85', 'http://www.linkedin.com/in/dinithisumanaweera', '', '', '', 'Description not available'),
(86, '100527X', 10, '86', 'http://www.linkedin.com/pub/kandasamy-sureshkumar/57/95b/46b', '', '', '', 'Description not available'),
(87, '100533L', 10, '87', 'http://www.linkedin.com/pub/geeth-tharanga/44/393/25b', '', '', '', 'Description not available'),
(88, '100544V', 10, '88', 'http://www.linkedin.com/pub/nipun-udara/46/216/724', '', '', '', 'I am currently studding in moratuwa university as a computer Science and Engineering student. My key goal is to give my contribution to the society while enjoying field'),
(89, '100552T', 10, '89', 'http://www.linkedin.com/pub/dimuthu-upeksha/55/913/654', '', '', '', 'I always like to be free'),
(90, '100553X', 10, '90', 'http://www.linkedin.com/pub/thanuja-uruththirakodeeswaran/53/9b4/7a2', '', '', '', 'Description not available'),
(91, '100559V', 10, '91', 'http://lk.linkedin.com/in/yasuravithana', '', '', '', 'I am a person who would like to explore the disciplines of engineering not limited to my specialty, computer science and engineering. My greatest interests are in the fields of challenging programming, electronics and robotics.'),
(92, '100563D', 10, '92', 'http://www.linkedin.com/pub/sashrika-waidyarathna/37/b31/9a5', '', '', '', 'I Always try to be updated on the Technologies and new outcomes on the Computer science. And I like to go through many challenges'),
(93, '100577A', 10, '93', 'http://www.linkedin.com/pub/lasitha-weerasinghe/31/37b/75b', '', '', '', 'Description not available'),
(94, '100590G', 10, '94', 'http://www.linkedin.com/pub/ujitha-iroshan/36/907/4b', '', '', '', 'I am final year undergraduate at Department of Computer Science and Engineering, University of Moratuwa. My major interests are web service technologies, data mining, data base management, android development and Open source Software development. You can find some of my works in my blog http://ujithairoshan.blogspot.com/ My goal is to be a successful Software Engineer'),
(95, '100596F', 10, '95', 'http://www.linkedin.com/pub/chamila-wijayarathna/44/81/116', '', '', '', 'I am an undergraduate student at Department of Computer Science and Engineering, university Of Moratuwa. In my degree I study software Engineering, Computer Networks and Security, Embedded Systems and Robotics, Intelligent Systems etc. My major interested areas are Computer and Information Security, Robotics and Free and Open Source Software Development. You can find some of my work at my blog cdwijayarathna.blogspot.com.'),
(96, '100597J', 10, '96', 'http://lk.linkedin.com/pub/sameera-nilupul/45/585/a15', '', '', '', 'Description not available'),
(97, '100598M', 10, '97', 'http://www.linkedin.com/pub/chameera-wijebandara/56/b81/318', '', '', '', 'Description not available'),
(98, '100606N', 10, '98', 'http://www.linkedin.com/in/diunuge', '', '', '', 'I am a Computer Science and Engineering Undergraduate of University of Moratuwa. I am interested in Research & Development opportunity in following areas.'),
(99, '100609C', 10, '99', 'http://lk.linkedin.com/pub/isuru-wijesinghe/44/385/641', '', '', '', 'Description not available'),
(100, '100612E', 10, '100', 'http://www.linkedin.com/pub/tharindu-wijewardane/68/425/134', '', '', '', 'Description not available'),
(101, '100613H', 10, '101', 'http://www.linkedin.com/pub/maheshakya-wijewardena/35/531/189', '', '', '', 'Just a seeker of wisdom and peace.'),
(102, '100184P', 11, '102', 'http://lk.linkedin.com/pub/helani-madurasinghe/87/b38/a86/', '', '', '', 'Description not available'),
(103, '110005F', 11, '103', 'http://lk.linkedin.com/pub/dimithri-abeygunawardane/65/a42/828', '', '', '', 'Description not available'),
(104, '110007M', 11, '104', 'http://lk.linkedin.com/in/abeyrathna', '', '', '', 'I am an undergraduate who has an excellent record in both academic and co-curricular activities.I am a well disciplined,hard working youth,capable of shouldering any responsibility that has been assigned to myself. I see my self as a good leader with many skills, who can guide a set of people towards success as a team. I am a good team player and I would like to work in an environment where enthusiasm,hard work and trustworthiness are valued.'),
(105, '110018X', 11, '105', 'http://www.linkedin.com/in/farazath', '', '', '', 'Description not available'),
(106, '110020V', 11, '106', 'http://lk.linkedin.com/pub/nazick-ahamed/75/305/487/', '', '', '', 'Description not available'),
(107, '110033M', 11, '107', 'http://lk.linkedin.com/pub/dewmal-anicitus/75/309/911', '', '', '', 'Description not available'),
(108, '110044X', 11, '108', 'http://www.linkedin.com/in/charitharumapperuma', '', '', '', 'Description not available'),
(109, '110046F', 11, '109', 'http://lk.linkedin.com/pub/aarthika-arunthavanathan/4a/45/86a/', '', '', '', 'Description not available'),
(110, '110056K', 11, '110', 'http://www.linkedin.com/pub/janaka-bandara/5a/900/a94', '', '', '', 'I am an enthusiastic individual who likes to learn, appreciate, help and enjoy life.'),
(111, '110059X', 11, '111', 'http://lk.linkedin.com/pub/bhathiya-supun/25/7a6/240', '', '', '', 'Description not available'),
(112, '110063E', 11, '112', 'http://lk.linkedin.com/pub/brunthavan-murugaiah/71/a67/73/', '', '', '', 'Description not available'),
(113, '110067U', 11, '113', 'http://lk.linkedin.com/pub/isuru-chamara/5b/965/65/', '', '', '', 'Description not available'),
(114, '110075R', 11, '114', 'http://lk.linkedin.com/pub/chamil-chandrathilake/53/8a0/227', '', '', '', 'Description not available'),
(115, '110087F', 11, '115', 'http://lk.linkedin.com/pub/chanaka-sampath/65/221/102/', '', '', '', 'I am an engineering undergraduate at University of Moratuwa, Sri Lanka. Has good mathematical skills and programming skills as well. As a computer engineering student I like to try out new areas and new technologies.'),
(116, '110099T', 11, '116', 'http://lk.linkedin.com/pub/madhawi-de-mel/57/451/897/', '', '', '', 'Description not available'),
(117, '110117B', 11, '117', 'http://lk.linkedin.com/pub/yasima-kankanamge/52/575/11a/', '', '', '', 'Description not available'),
(118, '110119H', 11, '118', 'http://lk.linkedin.com/pub/buddhika-dilhan/57/9bb/3b2/', '', '', '', 'Description not available'),
(119, '110123N', 11, '119', 'http://lk.linkedin.com/in/shiluka', '', '', '', 'Description not available'),
(120, '110128J', 11, '120', 'http://lk.linkedin.com/in/dilhasha/', '', '', '', 'I am an enthusiastic Engineering undergraduate with an urge to gain experience and knowledge. '),
(121, '110136G', 11, '121', 'http://lk.linkedin.com/in/vipuladissanayake', '', '', '', 'Me,Passionate software developer currently an undergraduate of Department of Computer Science & Engineering of University of Moratuwa. '),
(122, '110141R', 11, '122', 'http://lk.linkedin.com/pub/pubudu-dodangoda/63/349/19', '', '', '', 'Description not available'),
(123, '110143B', 11, '123', 'http://www.linkedin.com/pub/dulanga-chamith/70/417/12b', '', '', '', 'Description not available'),
(124, '110152C', 11, '124', 'http://lk.linkedin.com/in/danula', '', '', '', 'Description not available'),
(125, '110154J', 11, '125', 'http://lk.linkedin.com/pub/kasun-fernando/6b/928/227', '', '', '', 'Description not available'),
(126, '110156R', 11, '126', 'http://www.linkedin.com/in/idfernando', '', '', '', 'Description not available'),
(127, '110159E', 11, '127', 'http://lk.linkedin.com/pub/amila-fernando/63/7b5/1a0/', '', '', '', 'Description not available'),
(128, '110161D', 11, '128', 'http://lk.linkedin.com/pub/kulakshi-fernando/4a/8b8/910', '', '', '', 'Description not available'),
(129, '110171H', 11, '129', 'http://lk.linkedin.com/pub/sachintha-gamlath/55/3ba/96a', '', '', '', 'Description not available'),
(130, '110176D', 11, '130', 'http://www.linkedin.com/in/gobinathl', '', '', '', 'Description not available'),
(131, '110177G', 11, '131', 'http://lk.linkedin.com/pub/rakshitha-godahewa/36/872/35', '', '', '', 'I am an Associate Professional Member of British Computer Society (AMBCS) and an Engineering undergraduate student at University of Moratuwa. I have programming skills with a good knowledge in algorithms. I am an experienced team member, bringing enthusiasm and energy into group efforts.'),
(132, '110184B', 11, '132', 'http://lk.linkedin.com/pub/sameera-gunarathne/95/7a1/618', '', '', '', 'Description not available'),
(133, '110208F', 11, '133', 'http://lk.linkedin.com/in/isuruherath1/', '', '', '', 'Description not available'),
(134, '110211H', 11, '134', 'http://www.linkedin.com/pub/sachini-herath/75/389/a50', '', '', '', 'Description not available'),
(135, '110213P', 11, '135', 'http://lk.linkedin.com/pub/hansi-hettiarachchi/8a/19a/570', '', '', '', 'Description not available'),
(136, '110216D', 11, '136', 'http://www.linkedin.com/pub/bhagya-hettige/77/770/602', '', '', '', 'Description not available'),
(137, '110218K', 11, '137', 'http://lk.linkedin.com/in/rajithgh', '', '', '', 'Description not available'),
(138, '110220J', 11, '138', 'http://www.linkedin.com/pub/hansika-hewamalage/75/ba/bb', '', '', '', 'Description not available'),
(139, '110221M', 11, '139', 'http://www.linkedin.com/in/thasanhe', '', '', '', 'Description not available'),
(140, '110226H', 11, '140', 'http://lk.linkedin.com/pub/tharushi-samarasinghe/53/13a/247/', '', '', '', 'Description not available'),
(141, '110239B', 11, '141', 'http://lk.linkedin.com/pub/dileep-jayamal/75/858/9b8/', '', '', '', 'Description not available'),
(142, '110246T', 11, '142', 'http://lk.linkedin.com/pub/upekshe-jayasekera/62/a23/133/', '', '', '', 'Description not available'),
(143, '110258G', 11, '143', 'http://lk.linkedin.com/pub/ruveni-jayawardana/4b/5b6/756/', '', '', '', 'Description not available'),
(144, '110264V', 11, '144', 'http://lk.linkedin.com/pub/jeya-tharshini/37/5b6/67a/', '', '', '', 'Description not available'),
(145, '110293H', 11, '145', 'http://lk.linkedin.com/pub/dumindu-buddhika/5b/aa3/167', '', '', '', 'Description not available'),
(146, '110295P', 11, '146', 'http://www.linkedin.com/in/nurangika', '', '', '', 'Description not available'),
(147, '110305B', 11, '147', 'http://lk.linkedin.com/pub/dulitha-kularathne/60/498/4a7', '', '', '', 'Description not available'),
(148, '110306E', 11, '148', 'http://lk.linkedin.com/pub/hiran-chathura-kulasekara/8a/19b/33b/', '', '', '', 'Description not available'),
(149, '110330V', 11, '149', 'http://lk.linkedin.com/in/nishada', '', '', '', 'Description not available'),
(150, '110339G', 11, '150', 'http://lk.linkedin.com/pub/thilina-madumal/59/914/763', '', '', '', 'Description not available'),
(151, '110343M', 11, '151', 'http://www.linkedin.com/pub/danushka-madusanka/56/58a/7ab', '', '', '', 'Description not available'),
(152, '110346B', 11, '152', 'http://lk.linkedin.com/pub/shan-mahanama/77/2a2/741', '', '', '', 'Description not available'),
(153, '110348H', 11, '153', 'http://www.linkedin.com/in/malakagl', '', '', '', 'I am a hard working person to a given goal.'),
(154, '110360L', 11, '154', 'http://lk.linkedin.com/pub/dulsara-manupriyal/5b/aa1/4aa', '', '', '', 'Description not available'),
(155, '110367N', 11, '155', 'http://www.linkedin.com/pub/kaveendra-gayan-mettananda/55/55/bba', '', '', '', 'Description not available'),
(156, '110370R', 11, '156', 'http://lk.linkedin.com/pub/mokanarangan-thayaparan/75/704/853', '', '', '', 'Description not available'),
(157, '110373E', 11, '157', 'http://lk.linkedin.com/pub/vidura-mudalige/76/54/969', '', '', '', 'I am an individual with passion for solving challenging problems and exploring new technologies. I consider my self as a self-learner and good team player who is ready to experience emerging technologies and advancements in Software Engineering and use that knowledge for innovation. I always look forward to achieve my full potential in tasks involved.'),
(158, '110375L', 11, '158', 'http://www.linkedin.com/pub/tharindu-munasinghe/75/7b5/330', '', '', '', 'Description not available'),
(159, '110377U', 11, '159', 'http://lk.linkedin.com/pub/nuwan-prabhath/62/40b/ba3/', '', '', '', 'Description not available'),
(160, '110382F', 11, '160', 'http://lk.linkedin.com/pub/sameera-nandasiri/25/628/908', '', '', '', 'Description not available'),
(161, '110383J', 11, '161', 'http://www.linkedin.com/profile/view?id=224144816&trk=nav_responsive_tab_profile', '', '', '', 'Description not available'),
(162, '110392K', 11, '162', 'http://lk.linkedin.com/pub/nilusija-nadarasamoorthy/4a/22a/299', '', '', '', 'Description not available'),
(163, '110393N', 11, '163', 'http://www.linkedin.com/pub/nirosh-jayaratnam/75/2b/314', '', '', '', 'Description not available'),
(164, '110394T', 11, '164', 'http://www.linkedin.com/in/nisalaniroshana', '', '', '', 'Description not available'),
(165, '110395X', 11, '165', 'http://lk.linkedin.com/pub/rathakrishnan-nirushan/91/203/162', '', '', '', 'Description not available'),
(166, '110396C', 11, '166', 'http://lk.linkedin.com/pub/harshani-nisansala/88/b5b/136', '', '', '', 'Description not available'),
(167, '110400L', 11, '167', 'http://www.linkedin.com/pub/sabra-ossen/68/a2b/395', '', '', '', 'Description not available'),
(168, '110404D', 11, '168', 'http://lk.linkedin.com/pub/ruba-panchendrarajan/57/759/2b4', '', '', '', 'Description not available'),
(169, '110437F', 11, '169', 'http://lk.linkedin.com/pub/sivakumar-prakhash/66/a42/1b8', '', '', '', 'Description not available'),
(170, '110438J', 11, '170', 'http://lk.linkedin.com/in/pranavant/', '', '', '', 'I am currently studying Computer Science and Engineering at University of Moratuwa.'),
(171, '110453B', 11, '171', 'http://lk.linkedin.com/in/chathurangarajapaksha/', '', '', '', 'Description not available'),
(172, '110465M', 11, '172', 'http://lk.linkedin.com/in/sankarasnayaka/', '', '', '', 'Description not available'),
(173, '110478F', 11, '173', 'http://lk.linkedin.com/in/achinthareemal/', '', '', '', 'Description not available'),
(174, '110486D', 11, '174', 'http://lk.linkedin.com/in/rajind', '', '', '', 'Description not available'),
(175, '110518F', 11, '175', 'http://linkedin.com/in/shenalsenarath', '', '', '', 'A passionate individual who posses knowledge in many areas and always try to learn new areas. Currently an undergraduate of Engineering at University of Moratuwa.'),
(176, '110525A', 11, '176', 'http://www.linkedin.com/pub/sachith-seneviratne/57/6a9/b8', '', '', '', 'A focused and innovative individual with a plethora of skills ranging over a number of fields. Currently studying in the fields of Computer Science Engineering and Chemistry.'),
(177, '110532R', 11, '177', 'http://www.linkedin.com/in/rshariffdeen', '', '', '', 'I am a computer enthusiast looking for new innovations and improvements in the existing technology. I love programming and like to have fun with what i do. Being a team player and adding value to the team while achieving our target is always a challenge, through my volunteer career I learned that no matter the skills, knowledge or experience its only TEAM SPIRIT that makes a team successful. I have the attitude of never to give up and to complete what ever task I started. I value constructive suggestions and learn from criticism.'),
(178, '110546M', 11, '178', 'http://lk.linkedin.com/pub/sirojan-tharmakulasingam/89/861/760', '', '', '', 'Description not available'),
(179, '110550U', 11, '179', 'http://lk.linkedin.com/pub/shobiga-shanmugathasan/8a/183/371/', '', '', '', 'Description not available'),
(180, '110553G', 11, '180', 'http://lk.linkedin.com/in/madawasoysa/', '', '', '', 'Description not available'),
(181, '110556T', 11, '181', 'http://www.linkedin.com/pub/srishiyamalan-ratnavel/57/750/198', '', '', '', 'Description not available'),
(182, '110557X', 11, '182', 'http://www.linkedin.com/pub/sudharma-subasinghe/58/417/260', '', '', '', 'Description not available'),
(183, '110565U', 11, '183', 'http://www.linkedin.com/pub/aruna-tebel/80/267/800', '', '', '', 'Description not available'),
(184, '110592A', 11, '184', 'http://www.linkedin.com/pub/megala-uthayakumar/38/691/33', '', '', '', 'Description not available'),
(185, '110596N', 11, '185', 'http://lk.linkedin.com/in/rajithv/', '', '', '', 'I am an Engineering undergraduate at University of Moratuwa, specializing in Computer Science and Engineering. Having participated in IOIs and various other programming competitions, I have a thorough knowledge in algorithms and a deep rooted love for programming. During breaks in studying, I have worked as a web developer for YaLabz Inc. and Paradox Software. Apart from computer science related experiments, most of my time is spent on learning languages. As of now I m trilingual in Sinhalese, English and Spanish. Apart from that I have a manageable knowledge in Tamil, Hindi and Italian. I also work as a volunteer with the Sarvodaya, the largest NGO in Sri Lanka, for the Global Network of Religions for Children, where I facilitate workshops and sessions for children on Learning to Live Together, and lead the group of Youth for Peace volunteers at Sarvodaya.'),
(186, '110597T', 11, '186', 'http://lk.linkedin.com/pub/dulaj-viduranga/62/aaa/461', '', '', '', 'Description not available'),
(187, '110599C', 11, '187', 'http://lk.linkedin.com/pub/thiyagarajah-vinojan/78/418/a19', '', '', '', 'Description not available'),
(188, '110603L', 11, '188', 'http://lk.linkedin.com/in/vishnuvathsan/', '', '', '', 'Description not available'),
(189, '110607D', 11, '189', 'http://lk.linkedin.com/in/theekshana/', '', '', '', 'Description not available'),
(190, '110610F', 11, '190', 'http://lk.linkedin.com/pub/sujathani-warnakulasuriya/89/885/a95', '', '', '', 'Description not available'),
(191, '110615B', 11, '191', 'http://www.linkedin.com/in/vimukthiweerasiri', '', '', '', 'A quick learner, solutionist and a technology enthusiast who is passionate in solving real world concerns.'),
(192, '110644L', 11, '192', 'http://lk.linkedin.com/pub/akshika-wijesundara/65/a24/431', '', '', '', 'I consider determination is the key for success. With my ability to adopt to any working condition and the ability to work with any type of a person I will be a great asset to the company that I work.'),
(193, '120006T', 12, '193', 'http://lk.linkedin.com/in/mirageabeysekara', '', '', '', 'Description not available'),
(194, '120010B', 12, '194', 'http://lk.linkedin.com/pub/sudaraka-abeywardena/95/540/341', '', '', '', 'Description not available'),
(195, '120025B', 12, '195', 'http://www.linkedin.com/pub/upekka-anuruddhi/90/56a/82a', '', '', '', 'Description not available'),
(196, '120028L', 12, '196', 'http://www.linkedin.com/pub/dilini-mampitiya-arachchi/95/537/a9b', '', '', '', 'Description not available'),
(197, '120029P', 12, '197', 'http://lk.linkedin.com/pub/yasiru-kassapa/55/344/b82', '', '', '', 'Description not available'),
(198, '120041U', 12, '198', 'http://www.linkedin.com/in/damindabalasooriya', '', '', '', 'Description not available'),
(199, '120074X', 12, '199', 'http://www.linkedin.com/pub/chinthoorie-yogalingam/95/53b/219', '', '', '', 'Description not available'),
(200, '120089X', 12, '200', 'http://www.linkedin.com/pub/kandauda-amila-de-zoysa-karunathilaka/95/679/430', '', '', '', 'Description not available'),
(201, '120095L', 12, '201', 'http://www.linkedin.com/pub/tharindu-de-silva/61/783/2a0', '', '', '', 'Description not available'),
(202, '120097U', 12, '202', 'http://lk.linkedin.com/in/dilushan/', '', '', '', 'Description not available'),
(203, '120111K', 12, '203', 'https://www.linkedin.com/in/suchiradharmawardhana', '', '', '', 'Description not available'),
(204, '120126K', 12, '204', 'http://www.linkedin.com/pub/yasara-dissanayake/57/825/a32/', '', '', '', 'Description not available'),
(205, '120128T', 12, '205', 'http://www.linkedin.com/in/dinushadissanayake', '', '', '', 'Description not available'),
(206, '120129X', 12, '206', 'http://www.linkedin.com/pub/amitha-bandara-dissanayake/37/b4/27a', '', '', '', 'Description not available'),
(207, '120132B', 12, '207', 'http://lk.linkedin.com/in/kasundissanayake/', '', '', '', 'Description not available'),
(208, '120140X', 12, '208', 'http://www.linkedin.com/pub/lasantha-ekanayake/91/568/261', '', '', '', 'Description not available'),
(209, '120143j', 12, '209', 'http://www.linkedin.com/pub/chamil-elladeniya/95/561/ba8', '', '', '', 'Description not available'),
(210, '120149H', 12, '210', 'http://www.linkedin.com/in/pubuduf', '', '', '', 'Description not available'),
(211, '120162P', 12, '211', 'http://www.linkedin.com/in/chathurika', '', '', '', 'Description not available'),
(212, '120165D', 12, '212', 'http://www.linkedin.com/in/minudika/', '', '', '', 'Description not available'),
(213, '120168N', 12, '213', 'http://lk.linkedin.com/pub/malaka-gangananda/95/392/30a/', '', '', '', 'Description not available'),
(214, '120170M', 12, '214', 'http://lk.linkedin.com/in/dilannuwantha', '', '', '', 'Description not available'),
(215, '120182C', 12, '215', 'http://www.linkedin.com/in/anjanagunasekara', '', '', '', 'Description not available'),
(216, '120195T', 12, '216', 'http://www.linkedin.com/pub/pulasthi-harasgama/5a/959/a31', '', '', '', 'Description not available'),
(217, '120217P', 12, '217', 'http://lk.linkedin.com/pub/thilina-hettiarachchi/92/3a1/b70/', '', '', '', 'Description not available'),
(218, '120228B', 12, '218', 'https://www.linkedin.com/pub/anusha-ihalapathirana/91/1a6/368', '', '', '', 'Description not available'),
(219, '120236X', 12, '219', 'http://www.linkedin.com/pub/nandula-jayamaha/43/625/647', '', '', '', 'Description not available'),
(220, '120245A', 12, '220', 'http://www.linkedin.com/in/madushanachala/', '', '', '', 'Description not available'),
(221, '120248K', 12, '221', 'http://lk.linkedin.com/pub/ishadi-jayasinghe/89/163/836/', '', '', '', 'Description not available'),
(222, '120260N', 12, '222', 'http://lk.linkedin.com/pub/thilina-samiddhi/95/5b6/78a/', '', '', '', 'Description not available'),
(223, '120268V', 12, '', 'http://www.linkedin.com/in/yasanka', '', '', '', 'Description not available'),
(224, '120271A', 12, '224', 'http://www.linkedin.com/in/malithjayaweera', '', '', '', 'Description not available'),
(225, '120273G', 12, '225', 'http://www.linkedin.com/in/pasindujw', '', '', '', 'Description not available'),
(226, '120279f', 12, '226', 'http://www.linkedin.com/in/hasangithathsarani', '', '', '', 'Description not available'),
(227, '120281E', 12, '227', 'http://www.linkedin.com/in/gayathrikalani', '', '', '', 'Description not available'),
(228, '120282H', 12, '228', 'http://www.linkedin.com/pub/buwaneka-kalansuriya/95/563/77', '', '', '', 'Description not available'),
(229, '120284P', 12, '229', 'http://www.linkedin.com/pub/tharindu-kalubowila/95/561/811', '', '', '', 'Description not available'),
(230, '120287D', 12, '230', 'http://www.linkedin.com/pub/dilshan-kanchana/95/5b7/b2/', '', '', '', 'Description not available'),
(231, '120300N', 12, '231', 'http://www.linkedin.com/in/diliptharuka', '', '', '', 'Description not available'),
(232, '120309b', 12, '232', 'http://www.linkedin.com/in/nishadikirielle', '', '', '', 'Description not available'),
(233, '120314K', 12, '233', 'http://www.linkedin.com/pub/kanagaratnam-kokulan/81/130/385/', '', '', '', 'Description not available'),
(234, '120323L', 12, '234', 'http://lk.linkedin.com/pub/samadhi-kumarasinghe/95/5aa/36', '', '', '', 'Description not available'),
(235, '120337H', 12, '235', 'http://www.linkedin.com/pub/linganesan-mani/73/724/aa5', '', '', '', 'Description not available'),
(236, '120339P', 12, '236', 'http://www.linkedin.com/pub/nipuna-sankalpa/91/57/63', '', '', '', 'Description not available'),
(237, '120342T', 12, '237', 'http://www.linkedin.com/in/adieshaliyanage', '', '', '', 'Description not available'),
(238, '120345F', 12, '238', 'http://www.linkedin.com/pub/sasini-madhumali/95/581/b44', '', '', '', 'Description not available'),
(239, '120353d', 12, '239', 'http://lk.linkedin.com/pub/lakshitha-madhusankha/91/3a/420', '', '', '', 'Description not available'),
(240, '120357T', 12, '240', 'https://www.linkedin.com/in/prasadmaduranga', '', '', '', 'Description not available'),
(241, '120374R', 12, '241', 'http://lk.linkedin.com/pub/harsha-madushanka/95/793/678/', '', '', '', 'Description not available'),
(242, '120394D', 12, '242', 'http://lk.linkedin.com/pub/pubudu-meththananda/95/561/b02', '', '', '', 'Description not available'),
(243, '120399X', 12, '243', 'http://www.linkedin.com/pub/safwan-mohammed/50/a56/648', '', '', '', 'Description not available'),
(244, '120408D', 12, '244', 'http://www.linkedin.com/pub/nifras-mohamed/95/53b/985', '', '', '', 'Description not available'),
(245, '120410C', 12, '245', 'http://lk.linkedin.com/pub/nadeeshani-p/91/329/524/', '', '', '', 'Description not available'),
(246, '120418H', 12, '246', 'http://www.linkedin.com/in/rnavagamuwa', '', '', '', 'A self-motivated and energetic individual. Adaptable to dynamic work environments and a fast learner. An individual who enjoys working under pressure and delivers results within the expected time frame. A friendly person who contributes towards the efficiency and effectiveness of the team.'),
(247, '120427J', 12, '247', 'http://www.linkedin.com/pub/nanduni-nimalsiri/95/659/9b8/', '', '', '', 'Description not available'),
(248, '120428M', 12, '248', 'http://www.linkedin.com/pub/neethirajah-nirojan/75/857/568', '', '', '', 'Description not available'),
(249, '120434D', 12, '249', 'http://www.linkedin.com/in/dinindunissanka', '', '', '', 'Description not available'),
(250, '120443E', 12, '250', 'http://www.linkedin.com/in/samithapalihawadana', '', '', '', 'Description not available'),
(251, '120445L', 12, '251', 'http://lk.linkedin.com/pub/naduni-pamudika/91/63/b61/', '', '', '', 'Description not available'),
(252, '120448A', 12, '252', 'http://lk.linkedin.com/pub/sachithra-pathiraja/95/654/4b4/', '', '', '', 'Description not available'),
(253, '120450X', 12, '253', 'http://www.linkedin.com/in/dulajrajitha', '', '', '', 'Description not available'),
(254, '120460D', 12, '254', 'http://lk.linkedin.com/pub/thilini-perera/78/92b/887/', '', '', '', 'Description not available'),
(255, '120468J', 12, '255', 'http://www.linkedin.com/pub/pravinda-perera/91/448/95', '', '', '', 'Description not available'),
(256, '120470H', 12, '256', 'http://www.linkedin.com/in/krvperera', '', '', '', 'Description not available'),
(257, '120481R', 12, '257', 'https://www.linkedin.com/in/chamilprabodha', '', '', '', 'Description not available'),
(258, '120488U', 12, '258', 'http://www.linkedin.com/pub/nipuna-prashan/91/55/84a', '', '', '', 'Description not available'),
(259, '120496R', 12, '259', 'http://www.linkedin.com/in/aselapriyadarshana', '', '', '', 'Description not available'),
(260, '120507F', 12, '260', 'http://www.linkedin.com/in/niveathika', '', '', '', 'Description not available'),
(261, '120523B', 12, '261', 'http://lk.linkedin.com/pub/lochana-ranaweera/88/445/4b0/', '', '', '', 'Description not available'),
(262, '120526L', 12, '262', 'http://www.linkedin.com/in/hasintha', '', '', '', 'Description not available'),
(263, '120542G', 12, '263', 'http://www.linkedin.com/pub/riyafa-abdul-hameed/84/7a8/a20', '', '', '', 'Description not available'),
(264, '120555A', 12, '264', 'http://www.linkedin.com/in/mohamedjawadhsalihrifath', '', '', '', 'Description not available'),
(265, '120561M', 12, '265', 'http://www.linkedin.com/in/heshanisamarasekara', '', '', '', 'Description not available'),
(266, '120586t', 12, '266', 'http://www.linkedin.com/pub/namesh-sanjitha/95/786/284/', '', '', '', 'Description not available'),
(267, '120594P', 12, '267', 'http://lk.linkedin.com/pub/anutharsha-selvarasa/91/261/b1a', '', '', '', 'Description not available'),
(268, '120615J', 12, '268', 'http://lk.linkedin.com/pub/udeesha-shehan/91/65/866/', '', '', '', 'Description not available'),
(269, '120628C', 12, '269', 'http://www.linkedin.com/pub/menaka-sirisena/3a/121/b1b', '', '', '', 'Description not available'),
(270, '120629f', 12, '270', 'http://www.linkedin.com/in/harshasiriwardana', '', '', '', 'Sucessfully finished AL and doing BSc Engineering degree in Computor science and Engineering (ICE ) at University of Moratuwa.. objective is to be a well professional engineer . more about me >> http://about.me/hsiriwardana'),
(271, '120630B', 12, '271', 'http://www.linkedin.com/in/ccmsiriwardhana', '', '', '', 'Description not available'),
(272, '120653X', 12, '272', 'http://lk.linkedin.com/in/dilantharaka/', '', '', '', 'Description not available'),
(273, '120665K', 12, '273', 'http://lk.linkedin.com/pub/ivan-udakara/91/446/278/', '', '', '', 'Description not available'),
(274, '120677A', 12, '274', 'http://www.linkedin.com/pub/ruchindra-vithanage/68/b3a/533', '', '', '', 'Description not available'),
(275, '120678D', 12, '275', 'http://www.linkedin.com/in/vithulamv', '', '', '', 'Description not available'),
(276, '120702A', 12, '276', 'http://www.linkedin.com/in/anuradhawelivita', '', '', '', 'I am an undergraduate at Department of Computer Science and Engineering, University of Moratuwa. I have great passion towards problem solving and developing algorithms. Also I am very much interested in aspects of Image processing, Artificial intelligence and Cyber security. During my free time I love to do interior designing through design software like AutoCAD. And furthermore I love to engage in painting.'),
(277, '120706N', 12, '277', 'http://www.linkedin.com/in/ruchirangawickramasinghe', '', '', '', 'I am an exuberant person having a great passion towards exploring the world of Computer Science and Engineering. I am determined in pursuing accomplishment of every task assigned to me to best level that I am capable of.'),
(278, '120721F', 12, '278', 'http://www.linkedin.com/pub/theekshana-wijesinghe/91/569/6a1', '', '', '', 'Description not available'),
(279, '120723M', 12, '279', 'http://www.linkedin.com/pub/indika-wijesooriya/47/bb2/201', '', '', '', 'Description not available'),
(280, '120731K', 12, '280', 'http://www.linkedin.com/in/damithwijewardana', '', '', '', 'Description not available'),
(281, '120733T', 12, '281', 'http://www.linkedin.com/pub/thamali-wijewardhana/95/651/5a5', '', '', '', 'Description not available'),
(282, '120749X', 12, '282', 'http://www.linkedin.com/pub/sathya-bandara/95/581/6b1', '', '', '', 'Description not available');
